<?xml version = '1.0' encoding = 'UTF-8'?>
<Entity class="oracle.dbtools.crest.model.design.logical.Entity" directorySegmentName="seg_0" id="0C435419-8FC8-03C7-A0CE-6D49D8910ACE" name="Samochod">
<createdBy>micha</createdBy>
<createdTime>2022-01-10 10:32:10 UTC</createdTime>
<ownerDesignName>Mikroprojekt_firma_transportowa</ownerDesignName>
<engineerTo>
<item key="447946BB-4E08-720F-9116-4BBCCA2DAB89" value="true"/>
</engineerTo>
<adequatelyNormalized>NO</adequatelyNormalized>
<expectedVolumes>0</expectedVolumes>
<fwdEngineeringStrategyName>Single Table</fwdEngineeringStrategyName>
<growthPercent>0</growthPercent>
<growthType>Year</growthType>
<maxVolumes>9999999</maxVolumes>
<minVolumes>0</minVolumes>
<normalForm>Third</normalForm>
<attributes itemClass="oracle.dbtools.crest.model.design.logical.Attribute">
<Attribute name="Samochod_ID" id="812CA273-681C-19DB-A74B-0E31E2C58C1C">
<createdBy>micha</createdBy>
<createdTime>2022-01-10 10:32:10 UTC</createdTime>
<ownerDesignName>Mikroprojekt_firma_transportowa</ownerDesignName>
<importedID>A7314BD2-0625-3088-A1EA-57E8E220FF0C</importedID>
<engineerTo>
<item key="447946BB-4E08-720F-9116-4BBCCA2DAB89" value="true"/>
</engineerTo>
<use>0</use>
<logicalDatatype>LOGDT019</logicalDatatype>
<domain>68DCE070-6475-1C62-2CF9-02DD53CEDBC7</domain>
<ownDataTypeParameters>,,</ownDataTypeParameters>
</Attribute>
<Attribute name="numer_rejestracyjny" id="F2B8AC0E-CE79-4796-C14F-FA1DDEE64FD8">
<createdBy>micha</createdBy>
<createdTime>2022-01-10 10:32:10 UTC</createdTime>
<ownerDesignName>Mikroprojekt_firma_transportowa</ownerDesignName>
<importedID>39F13F31-EBCA-99E5-0E08-F3AFC96D3E54</importedID>
<engineerTo>
<item key="447946BB-4E08-720F-9116-4BBCCA2DAB89" value="true"/>
</engineerTo>
<useDomainConstraints>false</useDomainConstraints>
<use>1</use>
<logicalDatatype>LOGDT024</logicalDatatype>
<dataTypeSize>20</dataTypeSize>
<ownDataTypeParameters>20,,</ownDataTypeParameters>
</Attribute>
<Attribute name="marka" id="55A4255B-03D4-4E6F-F2C1-4E0F4BE2AA3E">
<createdBy>micha</createdBy>
<createdTime>2022-01-10 10:32:10 UTC</createdTime>
<ownerDesignName>Mikroprojekt_firma_transportowa</ownerDesignName>
<importedID>85E23EF0-AE28-D34C-FA9F-63A32185EB94</importedID>
<engineerTo>
<item key="447946BB-4E08-720F-9116-4BBCCA2DAB89" value="true"/>
</engineerTo>
<useDomainConstraints>false</useDomainConstraints>
<use>1</use>
<logicalDatatype>LOGDT024</logicalDatatype>
<dataTypeSize>20</dataTypeSize>
<ownDataTypeParameters>20,,</ownDataTypeParameters>
</Attribute>
<Attribute name="model" id="6A756A7A-07F0-8637-ADD9-671D8C366EA5">
<createdBy>micha</createdBy>
<createdTime>2022-01-10 10:32:10 UTC</createdTime>
<ownerDesignName>Mikroprojekt_firma_transportowa</ownerDesignName>
<importedID>7E7F4324-4B99-096E-6C0B-BF6615C460BB</importedID>
<engineerTo>
<item key="447946BB-4E08-720F-9116-4BBCCA2DAB89" value="true"/>
</engineerTo>
<nullsAllowed>true</nullsAllowed>
<useDomainConstraints>false</useDomainConstraints>
<use>1</use>
<logicalDatatype>LOGDT024</logicalDatatype>
<dataTypeSize>20</dataTypeSize>
<ownDataTypeParameters>20,,</ownDataTypeParameters>
</Attribute>
<Attribute name="rocznik" id="A3C49ECE-95B7-7AF5-80F4-8150BBBD7BFC">
<createdBy>micha</createdBy>
<createdTime>2022-01-10 10:32:10 UTC</createdTime>
<ownerDesignName>Mikroprojekt_firma_transportowa</ownerDesignName>
<importedID>CF91271C-AF67-4CB1-AE92-1524D777B5EC</importedID>
<engineerTo>
<item key="447946BB-4E08-720F-9116-4BBCCA2DAB89" value="true"/>
</engineerTo>
<nullsAllowed>true</nullsAllowed>
<useDomainConstraints>false</useDomainConstraints>
<use>1</use>
<logicalDatatype>LOGDT019</logicalDatatype>
<dataTypePrecision>5</dataTypePrecision>
<ownDataTypeParameters>,5,</ownDataTypeParameters>
</Attribute>
<Attribute name="pojemnosc_zbiornika" id="DFC4F0C6-10D5-AC5C-FA7A-713C8376C157">
<createdBy>micha</createdBy>
<createdTime>2022-01-10 10:32:10 UTC</createdTime>
<ownerDesignName>Mikroprojekt_firma_transportowa</ownerDesignName>
<importedID>19565690-4034-4C8E-B860-0340E1816E97</importedID>
<engineerTo>
<item key="447946BB-4E08-720F-9116-4BBCCA2DAB89" value="true"/>
</engineerTo>
<nullsAllowed>true</nullsAllowed>
<useDomainConstraints>false</useDomainConstraints>
<use>1</use>
<logicalDatatype>LOGDT019</logicalDatatype>
<dataTypePrecision>3</dataTypePrecision>
<ownDataTypeParameters>,3,</ownDataTypeParameters>
</Attribute>
<Attribute name="koszty_ID" id="E0789E3C-C0B8-4462-6E98-88911387A445">
<createdBy>micha</createdBy>
<createdTime>2022-01-10 11:42:23 UTC</createdTime>
<generatorID>2CF3DCF8-E8B9-49C0-8E61-28AC430AF42F</generatorID>
<ownerDesignName>Mikroprojekt_firma_transportowa</ownerDesignName>
<engineerTo>
<item key="447946BB-4E08-720F-9116-4BBCCA2DAB89" value="true"/>
</engineerTo>
<referedAttribute>A33DE9BF-3421-2B30-89CD-24A84164E071</referedAttribute>
<use>0</use>
<logicalDatatype>LOGDT019</logicalDatatype>
<domain>68DCE070-6475-1C62-2CF9-02DD53CEDBC7</domain>
<ownDataTypeParameters>,,</ownDataTypeParameters>
</Attribute>
</attributes>
<identifiers itemClass="oracle.dbtools.crest.model.design.logical.CandidateKey">
<identifier id="CFEFACA7-A9AF-B676-F99F-943B5B218ABE" name="Ksiazka PK">
<createdBy>micha</createdBy>
<createdTime>2022-01-10 10:32:10 UTC</createdTime>
<ownerDesignName>Mikroprojekt_firma_transportowa</ownerDesignName>
<shouldEngineer>false</shouldEngineer>
<engineerTo>
<item key="447946BB-4E08-720F-9116-4BBCCA2DAB89" value="false"/>
</engineerTo>
<pk>true</pk>
<usedAttributes>
<attributeRef>812CA273-681C-19DB-A74B-0E31E2C58C1C</attributeRef>
</usedAttributes>
</identifier>
</identifiers>
</Entity>