<?xml version = '1.0' encoding = 'UTF-8'?>
<Entity class="oracle.dbtools.crest.model.design.logical.Entity" directorySegmentName="seg_0" id="3EE7F1E2-B51B-B56B-7AE6-404E8D1C7A11" name="KIerowcy">
<createdBy>micha</createdBy>
<createdTime>2022-01-10 10:32:07 UTC</createdTime>
<ownerDesignName>Mikroprojekt_firma_transportowa</ownerDesignName>
<engineerTo>
<item key="447946BB-4E08-720F-9116-4BBCCA2DAB89" value="true"/>
</engineerTo>
<adequatelyNormalized>NO</adequatelyNormalized>
<expectedVolumes>0</expectedVolumes>
<fwdEngineeringStrategyName>Single Table</fwdEngineeringStrategyName>
<growthPercent>0</growthPercent>
<growthType>Year</growthType>
<maxVolumes>9999999</maxVolumes>
<minVolumes>0</minVolumes>
<normalForm>Third</normalForm>
<attributes itemClass="oracle.dbtools.crest.model.design.logical.Attribute">
<Attribute name="Kierowca_ID" id="21C71EDF-1E12-E6E0-723E-61E6BA39F6B6">
<createdBy>micha</createdBy>
<createdTime>2022-01-10 10:32:07 UTC</createdTime>
<ownerDesignName>Mikroprojekt_firma_transportowa</ownerDesignName>
<importedID>277957F6-E6F2-41F9-96AF-280B09DADA6A</importedID>
<engineerTo>
<item key="447946BB-4E08-720F-9116-4BBCCA2DAB89" value="true"/>
</engineerTo>
<use>0</use>
<logicalDatatype>LOGDT019</logicalDatatype>
<domain>68DCE070-6475-1C62-2CF9-02DD53CEDBC7</domain>
<ownDataTypeParameters>,,</ownDataTypeParameters>
</Attribute>
<Attribute name="Pracownik_ID" id="AD340384-3730-080E-12AE-C24DEB861CCC">
<createdBy>micha</createdBy>
<createdTime>2022-01-10 11:40:35 UTC</createdTime>
<generatorID>9D2E6E1F-0068-0DFB-7145-CEB45D8D2917</generatorID>
<ownerDesignName>Mikroprojekt_firma_transportowa</ownerDesignName>
<engineerTo>
<item key="447946BB-4E08-720F-9116-4BBCCA2DAB89" value="true"/>
</engineerTo>
<referedAttribute>E72E8577-62BC-2BC6-0D03-1D8169B2910C</referedAttribute>
<use>0</use>
<logicalDatatype>LOGDT019</logicalDatatype>
<domain>68DCE070-6475-1C62-2CF9-02DD53CEDBC7</domain>
<ownDataTypeParameters>,,</ownDataTypeParameters>
</Attribute>
<Attribute name="Samochod_ID" id="158EB78E-8481-FE96-41CA-F2BA151EEF06">
<createdBy>micha</createdBy>
<createdTime>2022-01-10 11:41:38 UTC</createdTime>
<generatorID>96256F31-759C-C42B-B990-AB1B3B9E2819</generatorID>
<ownerDesignName>Mikroprojekt_firma_transportowa</ownerDesignName>
<engineerTo>
<item key="447946BB-4E08-720F-9116-4BBCCA2DAB89" value="true"/>
</engineerTo>
<referedAttribute>812CA273-681C-19DB-A74B-0E31E2C58C1C</referedAttribute>
<use>0</use>
<logicalDatatype>LOGDT019</logicalDatatype>
<domain>68DCE070-6475-1C62-2CF9-02DD53CEDBC7</domain>
<ownDataTypeParameters>,,</ownDataTypeParameters>
</Attribute>
</attributes>
<identifiers itemClass="oracle.dbtools.crest.model.design.logical.CandidateKey">
<identifier id="5A697448-D09F-5B42-A467-D63C89AA196D" name="Bibliotekarz PK">
<createdBy>micha</createdBy>
<createdTime>2022-01-10 10:32:07 UTC</createdTime>
<ownerDesignName>Mikroprojekt_firma_transportowa</ownerDesignName>
<shouldEngineer>false</shouldEngineer>
<engineerTo>
<item key="447946BB-4E08-720F-9116-4BBCCA2DAB89" value="false"/>
</engineerTo>
<pk>true</pk>
<usedAttributes>
<attributeRef>21C71EDF-1E12-E6E0-723E-61E6BA39F6B6</attributeRef>
</usedAttributes>
</identifier>
</identifiers>
</Entity>