<?xml version = '1.0' encoding = 'UTF-8'?>
<Entity class="oracle.dbtools.crest.model.design.logical.Entity" directorySegmentName="seg_0" id="51F6B4A9-4DDE-8B8F-3316-0A8D580F223A" name="Zlecenie">
<createdBy>micha</createdBy>
<createdTime>2022-01-10 10:32:50 UTC</createdTime>
<ownerDesignName>Mikroprojekt_firma_transportowa</ownerDesignName>
<engineerTo>
<item key="447946BB-4E08-720F-9116-4BBCCA2DAB89" value="true"/>
</engineerTo>
<adequatelyNormalized>NO</adequatelyNormalized>
<expectedVolumes>0</expectedVolumes>
<fwdEngineeringStrategyName>Single Table</fwdEngineeringStrategyName>
<growthPercent>0</growthPercent>
<growthType>Year</growthType>
<maxVolumes>9999999</maxVolumes>
<minVolumes>0</minVolumes>
<normalForm>Third</normalForm>
<attributes itemClass="oracle.dbtools.crest.model.design.logical.Attribute">
<Attribute name="zlecenie_ID" id="1CCE37F3-0543-70ED-4C79-35D085432B58">
<createdBy>micha</createdBy>
<createdTime>2022-01-10 10:32:50 UTC</createdTime>
<ownerDesignName>Mikroprojekt_firma_transportowa</ownerDesignName>
<importedID>3EE153A6-36F5-8FE0-7760-E41CDEF2C8F0</importedID>
<engineerTo>
<item key="447946BB-4E08-720F-9116-4BBCCA2DAB89" value="true"/>
</engineerTo>
<use>0</use>
<logicalDatatype>LOGDT019</logicalDatatype>
<domain>68DCE070-6475-1C62-2CF9-02DD53CEDBC7</domain>
<ownDataTypeParameters>,,</ownDataTypeParameters>
</Attribute>
<Attribute name="ladunek" id="95FEC6A5-40B3-E106-05A9-DB789AD7B075">
<createdBy>micha</createdBy>
<createdTime>2022-01-10 10:32:50 UTC</createdTime>
<ownerDesignName>Mikroprojekt_firma_transportowa</ownerDesignName>
<importedID>80265629-C3D2-EDDA-4FE9-F8E280117571</importedID>
<engineerTo>
<item key="447946BB-4E08-720F-9116-4BBCCA2DAB89" value="true"/>
</engineerTo>
<useDomainConstraints>false</useDomainConstraints>
<use>1</use>
<logicalDatatype>LOGDT024</logicalDatatype>
<dataTypeSize>20</dataTypeSize>
<ownDataTypeParameters>20,,</ownDataTypeParameters>
</Attribute>
<Attribute name="ilosc_sztuk" id="9C38F462-5903-CE53-B95F-43290A16515D">
<createdBy>micha</createdBy>
<createdTime>2022-01-10 10:32:50 UTC</createdTime>
<ownerDesignName>Mikroprojekt_firma_transportowa</ownerDesignName>
<importedID>B7C24F36-0196-EF80-EBB0-F1D53D7F9968</importedID>
<engineerTo>
<item key="447946BB-4E08-720F-9116-4BBCCA2DAB89" value="true"/>
</engineerTo>
<useDomainConstraints>false</useDomainConstraints>
<use>1</use>
<logicalDatatype>LOGDT019</logicalDatatype>
<dataTypePrecision>4</dataTypePrecision>
<ownDataTypeParameters>,4,</ownDataTypeParameters>
</Attribute>
<Attribute name="odleglosc" id="F4D9010D-74EC-78A2-334A-EFABBB6D1002">
<createdBy>micha</createdBy>
<createdTime>2022-01-10 10:32:50 UTC</createdTime>
<ownerDesignName>Mikroprojekt_firma_transportowa</ownerDesignName>
<importedID>4DC2F55E-F21C-AC5D-04A5-369AA7788543</importedID>
<engineerTo>
<item key="447946BB-4E08-720F-9116-4BBCCA2DAB89" value="true"/>
</engineerTo>
<nullsAllowed>true</nullsAllowed>
<useDomainConstraints>false</useDomainConstraints>
<use>1</use>
<logicalDatatype>LOGDT019</logicalDatatype>
<ownDataTypeParameters>,,</ownDataTypeParameters>
</Attribute>
<Attribute name="waga" id="0F255239-16F7-5BEA-51FF-967A4B84AA55">
<createdBy>micha</createdBy>
<createdTime>2022-01-10 10:32:50 UTC</createdTime>
<ownerDesignName>Mikroprojekt_firma_transportowa</ownerDesignName>
<importedID>F1118EE1-2535-FC53-8FC7-6C4FA09326D9</importedID>
<engineerTo>
<item key="447946BB-4E08-720F-9116-4BBCCA2DAB89" value="true"/>
</engineerTo>
<nullsAllowed>true</nullsAllowed>
<useDomainConstraints>false</useDomainConstraints>
<use>1</use>
<logicalDatatype>LOGDT019</logicalDatatype>
<dataTypePrecision>4</dataTypePrecision>
<dataTypeScale>2</dataTypeScale>
<ownDataTypeParameters>,4,2</ownDataTypeParameters>
</Attribute>
<Attribute name="data_rozpoczecia" id="1C93623D-9893-3C98-0447-6B13958603CE">
<createdBy>micha</createdBy>
<createdTime>2022-01-10 10:32:50 UTC</createdTime>
<ownerDesignName>Mikroprojekt_firma_transportowa</ownerDesignName>
<importedID>4A21442E-6342-6BD1-4D34-9CEBB87EA827</importedID>
<engineerTo>
<item key="447946BB-4E08-720F-9116-4BBCCA2DAB89" value="true"/>
</engineerTo>
<useDomainConstraints>false</useDomainConstraints>
<use>1</use>
<logicalDatatype>LOGDT008</logicalDatatype>
<ownDataTypeParameters>,,</ownDataTypeParameters>
</Attribute>
<Attribute name="data_zakonczenia" id="F3E3D7F1-1B4B-A072-AB2D-343CA5C9E5F1">
<createdBy>micha</createdBy>
<createdTime>2022-01-10 10:32:50 UTC</createdTime>
<ownerDesignName>Mikroprojekt_firma_transportowa</ownerDesignName>
<importedID>A7B7E6A4-DB0C-02E4-5C5B-ED2CAC316D12</importedID>
<engineerTo>
<item key="447946BB-4E08-720F-9116-4BBCCA2DAB89" value="true"/>
</engineerTo>
<useDomainConstraints>false</useDomainConstraints>
<use>1</use>
<logicalDatatype>LOGDT008</logicalDatatype>
<ownDataTypeParameters>,,</ownDataTypeParameters>
</Attribute>
<Attribute name="status" id="B8E31E41-28C9-7E89-3B9D-249DC307110C">
<createdBy>micha</createdBy>
<createdTime>2022-01-10 10:32:50 UTC</createdTime>
<ownerDesignName>Mikroprojekt_firma_transportowa</ownerDesignName>
<importedID>237A3564-2BD3-85A0-CF38-FEBF35941626</importedID>
<engineerTo>
<item key="447946BB-4E08-720F-9116-4BBCCA2DAB89" value="true"/>
</engineerTo>
<nullsAllowed>true</nullsAllowed>
<useDomainConstraints>false</useDomainConstraints>
<use>1</use>
<logicalDatatype>LOGDT024</logicalDatatype>
<dataTypeSize>20</dataTypeSize>
<ownDataTypeParameters>20,,</ownDataTypeParameters>
</Attribute>
<Attribute name="Klient_ID" id="6AEC6D6D-EAC8-3C00-81C0-C9425CEDBAB8">
<createdBy>micha</createdBy>
<createdTime>2022-01-10 11:53:48 UTC</createdTime>
<generatorID>69A1EB12-46A2-C147-2EBB-D53DA244045A</generatorID>
<ownerDesignName>Mikroprojekt_firma_transportowa</ownerDesignName>
<engineerTo>
<item key="447946BB-4E08-720F-9116-4BBCCA2DAB89" value="true"/>
</engineerTo>
<referedAttribute>BAE2B782-6476-18C0-16A0-052B90D1C957</referedAttribute>
<use>0</use>
<logicalDatatype>LOGDT019</logicalDatatype>
<domain>68DCE070-6475-1C62-2CF9-02DD53CEDBC7</domain>
<ownDataTypeParameters>,,</ownDataTypeParameters>
</Attribute>
<Attribute name="Kierowca_ID" id="A30F2EBF-6364-C990-C3A7-455BFC8A0933">
<createdBy>micha</createdBy>
<createdTime>2022-01-10 11:54:09 UTC</createdTime>
<generatorID>77D5563B-5146-B531-2CC3-6F4D5C55824F</generatorID>
<ownerDesignName>Mikroprojekt_firma_transportowa</ownerDesignName>
<engineerTo>
<item key="447946BB-4E08-720F-9116-4BBCCA2DAB89" value="true"/>
</engineerTo>
<referedAttribute>21C71EDF-1E12-E6E0-723E-61E6BA39F6B6</referedAttribute>
<use>0</use>
<logicalDatatype>LOGDT019</logicalDatatype>
<domain>68DCE070-6475-1C62-2CF9-02DD53CEDBC7</domain>
<ownDataTypeParameters>,,</ownDataTypeParameters>
</Attribute>
<Attribute name="adres_ID" id="8C43FF75-2BAF-6FE3-EFAF-6576510FBDFA">
<createdBy>micha</createdBy>
<createdTime>2022-01-10 11:55:21 UTC</createdTime>
<generatorID>09E1024D-9CAC-5675-06CD-EEF160B626C4</generatorID>
<ownerDesignName>Mikroprojekt_firma_transportowa</ownerDesignName>
<engineerTo>
<item key="447946BB-4E08-720F-9116-4BBCCA2DAB89" value="true"/>
</engineerTo>
<referedAttribute>B76220DB-C0C7-C148-0A77-244039FBD7D5</referedAttribute>
<use>0</use>
<logicalDatatype>LOGDT019</logicalDatatype>
<domain>68DCE070-6475-1C62-2CF9-02DD53CEDBC7</domain>
<ownDataTypeParameters>,,</ownDataTypeParameters>
</Attribute>
<Attribute name="adres_ID1" id="3294B729-F8F1-3FA5-274F-E6055B5204E0">
<createdBy>micha</createdBy>
<createdTime>2022-01-10 11:55:30 UTC</createdTime>
<generatorID>B4D87FB5-A301-F5DE-4D72-4C51CEAFB022</generatorID>
<ownerDesignName>Mikroprojekt_firma_transportowa</ownerDesignName>
<engineerTo>
<item key="447946BB-4E08-720F-9116-4BBCCA2DAB89" value="true"/>
</engineerTo>
<referedAttribute>B76220DB-C0C7-C148-0A77-244039FBD7D5</referedAttribute>
<use>0</use>
<logicalDatatype>LOGDT019</logicalDatatype>
<domain>68DCE070-6475-1C62-2CF9-02DD53CEDBC7</domain>
<ownDataTypeParameters>,,</ownDataTypeParameters>
</Attribute>
<Attribute name="oplata_ID" id="1D3DE4B9-55DE-EF18-73EE-92E915F01990">
<createdBy>micha</createdBy>
<createdTime>2022-01-10 11:56:33 UTC</createdTime>
<generatorID>F214AC82-F3C2-EC44-438D-3B259F557FFE</generatorID>
<ownerDesignName>Mikroprojekt_firma_transportowa</ownerDesignName>
<engineerTo>
<item key="447946BB-4E08-720F-9116-4BBCCA2DAB89" value="true"/>
</engineerTo>
<referedAttribute>DBB28A7F-79F7-AA46-9E76-007AB9D15360</referedAttribute>
<use>0</use>
<logicalDatatype>LOGDT019</logicalDatatype>
<domain>68DCE070-6475-1C62-2CF9-02DD53CEDBC7</domain>
<ownDataTypeParameters>,,</ownDataTypeParameters>
</Attribute>
</attributes>
<identifiers itemClass="oracle.dbtools.crest.model.design.logical.CandidateKey">
<identifier id="A940C1FC-6157-B550-DBF7-6D8895EBFD3F" name="Zamowienia PK">
<createdBy>micha</createdBy>
<createdTime>2022-01-10 10:32:50 UTC</createdTime>
<ownerDesignName>Mikroprojekt_firma_transportowa</ownerDesignName>
<shouldEngineer>false</shouldEngineer>
<engineerTo>
<item key="447946BB-4E08-720F-9116-4BBCCA2DAB89" value="false"/>
</engineerTo>
<pk>true</pk>
<usedAttributes>
<attributeRef>1CCE37F3-0543-70ED-4C79-35D085432B58</attributeRef>
</usedAttributes>
</identifier>
</identifiers>
</Entity>