<?xml version = '1.0' encoding = 'UTF-8'?>
<Entity class="oracle.dbtools.crest.model.design.logical.Entity" directorySegmentName="seg_0" id="B2EF8C83-C0FA-5EA5-1ECC-FEAC288AB1D9" name="Wyksztalcenie">
<createdBy>micha</createdBy>
<createdTime>2022-01-10 10:31:56 UTC</createdTime>
<ownerDesignName>Mikroprojekt_firma_transportowa</ownerDesignName>
<engineerTo>
<item key="447946BB-4E08-720F-9116-4BBCCA2DAB89" value="true"/>
</engineerTo>
<adequatelyNormalized>NO</adequatelyNormalized>
<expectedVolumes>0</expectedVolumes>
<fwdEngineeringStrategyName>Single Table</fwdEngineeringStrategyName>
<growthPercent>0</growthPercent>
<growthType>Year</growthType>
<maxVolumes>9999999</maxVolumes>
<minVolumes>0</minVolumes>
<normalForm>Third</normalForm>
<attributes itemClass="oracle.dbtools.crest.model.design.logical.Attribute">
<Attribute name="wyksztalcenie_ID" id="BB645DF5-AFA2-158D-F59C-3998CD1BEAF9">
<createdBy>micha</createdBy>
<createdTime>2022-01-10 10:31:56 UTC</createdTime>
<ownerDesignName>Mikroprojekt_firma_transportowa</ownerDesignName>
<importedID>6793BDF7-4423-EA43-2137-B03FA5E090CA</importedID>
<engineerTo>
<item key="447946BB-4E08-720F-9116-4BBCCA2DAB89" value="true"/>
</engineerTo>
<use>0</use>
<logicalDatatype>LOGDT019</logicalDatatype>
<domain>68DCE070-6475-1C62-2CF9-02DD53CEDBC7</domain>
<ownDataTypeParameters>,,</ownDataTypeParameters>
</Attribute>
<Attribute name="stopien" id="90BEFBC3-1959-A89B-310C-3876B4007FB9">
<createdBy>micha</createdBy>
<createdTime>2022-01-10 10:31:56 UTC</createdTime>
<ownerDesignName>Mikroprojekt_firma_transportowa</ownerDesignName>
<importedID>E4753570-6798-18E9-7BA2-8BC1AB91127A</importedID>
<engineerTo>
<item key="447946BB-4E08-720F-9116-4BBCCA2DAB89" value="true"/>
</engineerTo>
<useDomainConstraints>false</useDomainConstraints>
<use>1</use>
<logicalDatatype>LOGDT024</logicalDatatype>
<dataTypeSize>30</dataTypeSize>
<ownDataTypeParameters>30,,</ownDataTypeParameters>
</Attribute>
<Attribute name="nazwa_uczelni" id="E5F5C6B1-4A86-B833-3A9E-CDBB61BAF084">
<createdBy>micha</createdBy>
<createdTime>2022-01-10 10:31:56 UTC</createdTime>
<ownerDesignName>Mikroprojekt_firma_transportowa</ownerDesignName>
<importedID>1A7647D4-AB6E-DC51-33B1-EA5A39C6CB07</importedID>
<engineerTo>
<item key="447946BB-4E08-720F-9116-4BBCCA2DAB89" value="true"/>
</engineerTo>
<useDomainConstraints>false</useDomainConstraints>
<use>1</use>
<logicalDatatype>LOGDT024</logicalDatatype>
<dataTypeSize>50</dataTypeSize>
<ownDataTypeParameters>50,,</ownDataTypeParameters>
</Attribute>
<Attribute name="kierunek" id="3CF0DC2F-E207-82CD-F7C4-C2056FD5FBFA">
<createdBy>micha</createdBy>
<createdTime>2022-01-10 10:31:56 UTC</createdTime>
<ownerDesignName>Mikroprojekt_firma_transportowa</ownerDesignName>
<importedID>1E871737-C83E-6E3C-6977-5D89CA9538EF</importedID>
<engineerTo>
<item key="447946BB-4E08-720F-9116-4BBCCA2DAB89" value="true"/>
</engineerTo>
<useDomainConstraints>false</useDomainConstraints>
<use>1</use>
<logicalDatatype>LOGDT024</logicalDatatype>
<dataTypeSize>40</dataTypeSize>
<ownDataTypeParameters>40,,</ownDataTypeParameters>
</Attribute>
<Attribute name="adres_ID" id="DF7E481A-1676-1B2E-5659-4E7BBC965418">
<createdBy>micha</createdBy>
<createdTime>2022-01-10 11:37:07 UTC</createdTime>
<generatorID>59552A05-FAD4-97B5-5D34-ADFA59666674</generatorID>
<ownerDesignName>Mikroprojekt_firma_transportowa</ownerDesignName>
<engineerTo>
<item key="447946BB-4E08-720F-9116-4BBCCA2DAB89" value="true"/>
</engineerTo>
<referedAttribute>B76220DB-C0C7-C148-0A77-244039FBD7D5</referedAttribute>
<use>0</use>
<logicalDatatype>LOGDT019</logicalDatatype>
<domain>68DCE070-6475-1C62-2CF9-02DD53CEDBC7</domain>
<ownDataTypeParameters>,,</ownDataTypeParameters>
</Attribute>
</attributes>
<identifiers itemClass="oracle.dbtools.crest.model.design.logical.CandidateKey">
<identifier id="3FCBAB30-BFA9-9EA5-3108-39EF9E604F0E" name="Wyksztalcenie PK">
<createdBy>micha</createdBy>
<createdTime>2022-01-10 10:31:56 UTC</createdTime>
<ownerDesignName>Mikroprojekt_firma_transportowa</ownerDesignName>
<engineerTo>
<item key="447946BB-4E08-720F-9116-4BBCCA2DAB89" value="true"/>
</engineerTo>
<pk>true</pk>
<usedAttributes>
<attributeRef>BB645DF5-AFA2-158D-F59C-3998CD1BEAF9</attributeRef>
</usedAttributes>
</identifier>
</identifiers>
</Entity>