<?xml version = '1.0' encoding = 'UTF-8'?>
<Entity class="oracle.dbtools.crest.model.design.logical.Entity" directorySegmentName="seg_0" id="F379A594-D85E-F7D2-BC4D-130628386742" name="Koszty">
<createdBy>micha</createdBy>
<createdTime>2022-01-10 10:32:13 UTC</createdTime>
<ownerDesignName>Mikroprojekt_firma_transportowa</ownerDesignName>
<engineerTo>
<item key="447946BB-4E08-720F-9116-4BBCCA2DAB89" value="true"/>
</engineerTo>
<adequatelyNormalized>NO</adequatelyNormalized>
<expectedVolumes>0</expectedVolumes>
<fwdEngineeringStrategyName>Single Table</fwdEngineeringStrategyName>
<growthPercent>0</growthPercent>
<growthType>Year</growthType>
<maxVolumes>9999999</maxVolumes>
<minVolumes>0</minVolumes>
<normalForm>Third</normalForm>
<attributes itemClass="oracle.dbtools.crest.model.design.logical.Attribute">
<Attribute name="koszty_ID" id="A33DE9BF-3421-2B30-89CD-24A84164E071">
<createdBy>micha</createdBy>
<createdTime>2022-01-10 10:32:13 UTC</createdTime>
<ownerDesignName>Mikroprojekt_firma_transportowa</ownerDesignName>
<importedID>30353B3A-4D99-8655-D593-204EAB765D8A</importedID>
<engineerTo>
<item key="447946BB-4E08-720F-9116-4BBCCA2DAB89" value="true"/>
</engineerTo>
<use>0</use>
<logicalDatatype>LOGDT019</logicalDatatype>
<domain>68DCE070-6475-1C62-2CF9-02DD53CEDBC7</domain>
<ownDataTypeParameters>,,</ownDataTypeParameters>
</Attribute>
<Attribute name="zuzyte_paliwo_litry" id="BA4AD6AA-3FF3-98F7-AAB8-CB943858EB86">
<createdBy>micha</createdBy>
<createdTime>2022-01-10 10:32:13 UTC</createdTime>
<ownerDesignName>Mikroprojekt_firma_transportowa</ownerDesignName>
<importedID>F87905BC-CD3C-46DF-55B5-30493D1000C2</importedID>
<engineerTo>
<item key="447946BB-4E08-720F-9116-4BBCCA2DAB89" value="true"/>
</engineerTo>
<useDomainConstraints>false</useDomainConstraints>
<use>1</use>
<logicalDatatype>LOGDT019</logicalDatatype>
<dataTypePrecision>6</dataTypePrecision>
<dataTypeScale>2</dataTypeScale>
<ownDataTypeParameters>,6,2</ownDataTypeParameters>
</Attribute>
<Attribute name="koszt_paliwa" id="E1DE758A-0432-6360-B2B2-5DE93B38F99F">
<createdBy>micha</createdBy>
<createdTime>2022-01-10 10:32:13 UTC</createdTime>
<ownerDesignName>Mikroprojekt_firma_transportowa</ownerDesignName>
<importedID>49D7243C-1E8B-8E9D-314D-EC789CED57E1</importedID>
<engineerTo>
<item key="447946BB-4E08-720F-9116-4BBCCA2DAB89" value="true"/>
</engineerTo>
<useDomainConstraints>false</useDomainConstraints>
<use>1</use>
<logicalDatatype>LOGDT019</logicalDatatype>
<dataTypePrecision>7</dataTypePrecision>
<dataTypeScale>2</dataTypeScale>
<ownDataTypeParameters>,7,2</ownDataTypeParameters>
</Attribute>
<Attribute name="naprawy_ID" id="C961C335-3067-92A0-F6F2-37D86406F59E">
<createdBy>micha</createdBy>
<createdTime>2022-01-10 11:50:32 UTC</createdTime>
<generatorID>8F602C90-38F1-453F-61C9-7C37F3D84A42</generatorID>
<ownerDesignName>Mikroprojekt_firma_transportowa</ownerDesignName>
<engineerTo>
<item key="447946BB-4E08-720F-9116-4BBCCA2DAB89" value="true"/>
</engineerTo>
<referedAttribute>FDCD58A9-B81E-59CB-F3F2-C82801D2A978</referedAttribute>
<use>0</use>
<logicalDatatype>LOGDT019</logicalDatatype>
<domain>68DCE070-6475-1C62-2CF9-02DD53CEDBC7</domain>
<ownDataTypeParameters>,,</ownDataTypeParameters>
</Attribute>
</attributes>
<identifiers itemClass="oracle.dbtools.crest.model.design.logical.CandidateKey">
<identifier id="B8F0C75E-40B3-815F-BBE7-4A734C5A5A8B" name="Kary PK">
<createdBy>micha</createdBy>
<createdTime>2022-01-10 10:32:13 UTC</createdTime>
<ownerDesignName>Mikroprojekt_firma_transportowa</ownerDesignName>
<shouldEngineer>false</shouldEngineer>
<engineerTo>
<item key="447946BB-4E08-720F-9116-4BBCCA2DAB89" value="false"/>
</engineerTo>
<pk>true</pk>
<usedAttributes>
<attributeRef>A33DE9BF-3421-2B30-89CD-24A84164E071</attributeRef>
</usedAttributes>
</identifier>
</identifiers>
</Entity>