<?xml version = '1.0' encoding = 'UTF-8'?>
<Table class="oracle.dbtools.crest.model.design.relational.Table" directorySegmentName="seg_0" id="4209A410-BA40-C55F-7B10-4FA4D9602591" name="Koszty">
<createdBy>micha</createdBy>
<createdTime>2022-01-10 11:57:04 UTC</createdTime>
<generatorID>F379A594-D85E-F7D2-BC4D-130628386742</generatorID>
<ownerDesignName>Mikroprojekt_firma_transportowa</ownerDesignName>
<allowColumnReorder>false</allowColumnReorder>
<existDependencyGenerateInDDl>true</existDependencyGenerateInDDl>
<parsed>true</parsed>
<columns itemClass="oracle.dbtools.crest.model.design.relational.Column">
<Column name="koszty_ID" id="CA33F2BD-79D2-39D9-72B8-3461B82CE596">
<createdBy>micha</createdBy>
<createdTime>2022-01-10 11:57:04 UTC</createdTime>
<generatorID>A33DE9BF-3421-2B30-89CD-24A84164E071</generatorID>
<ownerDesignName>Mikroprojekt_firma_transportowa</ownerDesignName>
<use>0</use>
<logicalDatatype>LOGDT019</logicalDatatype>
<domain>68DCE070-6475-1C62-2CF9-02DD53CEDBC7</domain>
<ownDataTypeParameters>,,</ownDataTypeParameters>
<autoIncrementCycle>false</autoIncrementCycle>
</Column>
<Column name="zuzyte_paliwo_litry" id="06629CCB-B25D-907D-9D65-6482557F8CC1">
<createdBy>micha</createdBy>
<createdTime>2022-01-10 11:57:04 UTC</createdTime>
<generatorID>BA4AD6AA-3FF3-98F7-AAB8-CB943858EB86</generatorID>
<ownerDesignName>Mikroprojekt_firma_transportowa</ownerDesignName>
<useDomainConstraints>false</useDomainConstraints>
<use>1</use>
<logicalDatatype>LOGDT019</logicalDatatype>
<dataTypePrecision>6</dataTypePrecision>
<dataTypeScale>2</dataTypeScale>
<ownDataTypeParameters>,6,2</ownDataTypeParameters>
<autoIncrementCycle>false</autoIncrementCycle>
</Column>
<Column name="koszt_paliwa" id="467CCB36-61E2-6401-4174-6AE27ED6FEA2">
<createdBy>micha</createdBy>
<createdTime>2022-01-10 11:57:04 UTC</createdTime>
<generatorID>E1DE758A-0432-6360-B2B2-5DE93B38F99F</generatorID>
<ownerDesignName>Mikroprojekt_firma_transportowa</ownerDesignName>
<useDomainConstraints>false</useDomainConstraints>
<use>1</use>
<logicalDatatype>LOGDT019</logicalDatatype>
<dataTypePrecision>7</dataTypePrecision>
<dataTypeScale>2</dataTypeScale>
<ownDataTypeParameters>,7,2</ownDataTypeParameters>
<autoIncrementCycle>false</autoIncrementCycle>
</Column>
<Column name="naprawy_ID" id="A52776F6-3FD2-F936-7198-466B49BFB487">
<createdBy>micha</createdBy>
<createdTime>2022-01-10 11:57:04 UTC</createdTime>
<generatorID>C961C335-3067-92A0-F6F2-37D86406F59E</generatorID>
<ownerDesignName>Mikroprojekt_firma_transportowa</ownerDesignName>
<use>0</use>
<logicalDatatype>LOGDT019</logicalDatatype>
<domain>68DCE070-6475-1C62-2CF9-02DD53CEDBC7</domain>
<ownDataTypeParameters>,,</ownDataTypeParameters>
<previousColumn>false</previousColumn>
<autoIncrementCycle>false</autoIncrementCycle>
<associations>
<colAssociation fkAssociation="12151C52-9F37-081B-F22E-6D73DC12F01B" referredColumn="013149BC-076D-E681-8F11-1B7B7DA07C3D"/>
</associations>
</Column>
</columns>
<indexes itemClass="oracle.dbtools.crest.model.design.relational.Index">
<ind_PK_UK id="9FD7ED9E-879A-F4DD-C273-B1797D4B309B" name="Koszty_PK">
<createdBy>micha</createdBy>
<createdTime>2022-01-10 11:57:04 UTC</createdTime>
<generatorID>B8F0C75E-40B3-815F-BBE7-4A734C5A5A8B</generatorID>
<ownerDesignName>Mikroprojekt_firma_transportowa</ownerDesignName>
<pk>true</pk>
<indexState>Primary Constraint</indexState>
<isSurrogateKey>false</isSurrogateKey>
<indexColumnUsage>
<colUsage columnID="CA33F2BD-79D2-39D9-72B8-3461B82CE596"/>
</indexColumnUsage>
</ind_PK_UK>
<ind_PK_UK id="3499ED26-946D-DB84-3824-12D2DD9164E8" name="Koszty__IDX">
<createdBy>micha</createdBy>
<createdTime>2022-01-10 11:57:04 UTC</createdTime>
<ownerDesignName>Mikroprojekt_firma_transportowa</ownerDesignName>
<indexState>Unique Plain Index</indexState>
<isSurrogateKey>false</isSurrogateKey>
<relationGeneratorID>8F602C90-38F1-453F-61C9-7C37F3D84A42</relationGeneratorID>
<indexColumnUsage>
<colUsage columnID="A52776F6-3FD2-F936-7198-466B49BFB487"/>
</indexColumnUsage>
</ind_PK_UK>
<ind_PK_UK id="583E98F1-1130-8A39-830F-2D78768BE417" name="Koszty_Naprawy_FK">
<createdBy>micha</createdBy>
<createdTime>2022-01-10 11:57:04 UTC</createdTime>
<generatorID>8F602C90-38F1-453F-61C9-7C37F3D84A42</generatorID>
<ownerDesignName>Mikroprojekt_firma_transportowa</ownerDesignName>
<indexState>Foreign Key</indexState>
<isSurrogateKey>false</isSurrogateKey>
<indexColumnUsage>
<colUsage columnID="A52776F6-3FD2-F936-7198-466B49BFB487"/>
</indexColumnUsage>
</ind_PK_UK>
</indexes>
</Table>