<?xml version = '1.0' encoding = 'UTF-8'?>
<Table class="oracle.dbtools.crest.model.design.relational.Table" directorySegmentName="seg_0" id="5E9B4FC3-99AC-8D67-4E17-C26A0892A63C" name="Naprawy">
<createdBy>micha</createdBy>
<createdTime>2022-01-10 11:57:04 UTC</createdTime>
<generatorID>E6C7F4CA-2C9E-768F-4DA4-17A5576EC8C3</generatorID>
<ownerDesignName>Mikroprojekt_firma_transportowa</ownerDesignName>
<allowColumnReorder>false</allowColumnReorder>
<existDependencyGenerateInDDl>true</existDependencyGenerateInDDl>
<parsed>true</parsed>
<columns itemClass="oracle.dbtools.crest.model.design.relational.Column">
<Column name="naprawy_ID" id="013149BC-076D-E681-8F11-1B7B7DA07C3D">
<createdBy>micha</createdBy>
<createdTime>2022-01-10 11:57:04 UTC</createdTime>
<generatorID>FDCD58A9-B81E-59CB-F3F2-C82801D2A978</generatorID>
<ownerDesignName>Mikroprojekt_firma_transportowa</ownerDesignName>
<use>0</use>
<logicalDatatype>LOGDT019</logicalDatatype>
<domain>68DCE070-6475-1C62-2CF9-02DD53CEDBC7</domain>
<ownDataTypeParameters>,,</ownDataTypeParameters>
<autoIncrementCycle>false</autoIncrementCycle>
</Column>
<Column name="opis_napraw" id="A270750F-ABBD-1916-2A89-8FD71008CA50">
<createdBy>micha</createdBy>
<createdTime>2022-01-10 11:57:04 UTC</createdTime>
<generatorID>4F2747C9-37A5-04DB-019A-08589EA68578</generatorID>
<ownerDesignName>Mikroprojekt_firma_transportowa</ownerDesignName>
<nullsAllowed>true</nullsAllowed>
<useDomainConstraints>false</useDomainConstraints>
<use>1</use>
<logicalDatatype>LOGDT024</logicalDatatype>
<dataTypeSize>100</dataTypeSize>
<ownDataTypeParameters>100,,</ownDataTypeParameters>
<autoIncrementCycle>false</autoIncrementCycle>
</Column>
<Column name="koszt_napraw" id="95BC7EE1-813A-607E-96B3-5948E9E1F09E">
<createdBy>micha</createdBy>
<createdTime>2022-01-10 11:57:04 UTC</createdTime>
<generatorID>8A6119E4-D041-9458-8E94-BDD476E6552A</generatorID>
<ownerDesignName>Mikroprojekt_firma_transportowa</ownerDesignName>
<useDomainConstraints>false</useDomainConstraints>
<use>1</use>
<logicalDatatype>LOGDT019</logicalDatatype>
<ownDataTypeParameters>,,</ownDataTypeParameters>
<autoIncrementCycle>false</autoIncrementCycle>
</Column>
</columns>
<indexes itemClass="oracle.dbtools.crest.model.design.relational.Index">
<ind_PK_UK id="FF0B9A91-F9AA-F949-633C-71BFDDABC79C" name="Naprawy_PK">
<createdBy>micha</createdBy>
<createdTime>2022-01-10 11:57:04 UTC</createdTime>
<generatorID>261C596E-C3A4-558D-4E1A-50C20A00572D</generatorID>
<ownerDesignName>Mikroprojekt_firma_transportowa</ownerDesignName>
<pk>true</pk>
<indexState>Primary Constraint</indexState>
<isSurrogateKey>false</isSurrogateKey>
<indexColumnUsage>
<colUsage columnID="013149BC-076D-E681-8F11-1B7B7DA07C3D"/>
</indexColumnUsage>
</ind_PK_UK>
</indexes>
</Table>