<?xml version = '1.0' encoding = 'UTF-8'?>
<Table class="oracle.dbtools.crest.model.design.relational.Table" directorySegmentName="seg_0" id="618E8DD8-F763-0EC2-0F44-C9D9FE0DC0E0" name="Zlecenie">
<createdBy>micha</createdBy>
<createdTime>2022-01-10 11:57:04 UTC</createdTime>
<generatorID>51F6B4A9-4DDE-8B8F-3316-0A8D580F223A</generatorID>
<ownerDesignName>Mikroprojekt_firma_transportowa</ownerDesignName>
<allowColumnReorder>false</allowColumnReorder>
<existDependencyGenerateInDDl>true</existDependencyGenerateInDDl>
<parsed>true</parsed>
<columns itemClass="oracle.dbtools.crest.model.design.relational.Column">
<Column name="zlecenie_ID" id="821D6A9D-3E11-551F-8CD8-6AB3693E9656">
<createdBy>micha</createdBy>
<createdTime>2022-01-10 11:57:04 UTC</createdTime>
<generatorID>1CCE37F3-0543-70ED-4C79-35D085432B58</generatorID>
<ownerDesignName>Mikroprojekt_firma_transportowa</ownerDesignName>
<use>0</use>
<logicalDatatype>LOGDT019</logicalDatatype>
<domain>68DCE070-6475-1C62-2CF9-02DD53CEDBC7</domain>
<ownDataTypeParameters>,,</ownDataTypeParameters>
<autoIncrementCycle>false</autoIncrementCycle>
</Column>
<Column name="ladunek" id="8C209887-93A7-8C32-184E-5A81B0D18AE0">
<createdBy>micha</createdBy>
<createdTime>2022-01-10 11:57:04 UTC</createdTime>
<generatorID>95FEC6A5-40B3-E106-05A9-DB789AD7B075</generatorID>
<ownerDesignName>Mikroprojekt_firma_transportowa</ownerDesignName>
<useDomainConstraints>false</useDomainConstraints>
<use>1</use>
<logicalDatatype>LOGDT024</logicalDatatype>
<dataTypeSize>20</dataTypeSize>
<ownDataTypeParameters>20,,</ownDataTypeParameters>
<autoIncrementCycle>false</autoIncrementCycle>
</Column>
<Column name="ilosc_sztuk" id="6AA4CAF2-6508-0C90-D8DD-3EA0D29C5FFF">
<createdBy>micha</createdBy>
<createdTime>2022-01-10 11:57:04 UTC</createdTime>
<generatorID>9C38F462-5903-CE53-B95F-43290A16515D</generatorID>
<ownerDesignName>Mikroprojekt_firma_transportowa</ownerDesignName>
<useDomainConstraints>false</useDomainConstraints>
<use>1</use>
<logicalDatatype>LOGDT019</logicalDatatype>
<dataTypePrecision>4</dataTypePrecision>
<ownDataTypeParameters>,4,</ownDataTypeParameters>
<autoIncrementCycle>false</autoIncrementCycle>
</Column>
<Column name="odleglosc" id="3CB9C5A9-C158-121E-5A94-64E5525D406B">
<createdBy>micha</createdBy>
<createdTime>2022-01-10 11:57:04 UTC</createdTime>
<generatorID>F4D9010D-74EC-78A2-334A-EFABBB6D1002</generatorID>
<ownerDesignName>Mikroprojekt_firma_transportowa</ownerDesignName>
<nullsAllowed>true</nullsAllowed>
<useDomainConstraints>false</useDomainConstraints>
<use>1</use>
<logicalDatatype>LOGDT019</logicalDatatype>
<ownDataTypeParameters>,,</ownDataTypeParameters>
<autoIncrementCycle>false</autoIncrementCycle>
</Column>
<Column name="waga" id="7939A3F8-7AF8-3D27-BF27-BE0BAC0928EC">
<createdBy>micha</createdBy>
<createdTime>2022-01-10 11:57:04 UTC</createdTime>
<generatorID>0F255239-16F7-5BEA-51FF-967A4B84AA55</generatorID>
<ownerDesignName>Mikroprojekt_firma_transportowa</ownerDesignName>
<nullsAllowed>true</nullsAllowed>
<useDomainConstraints>false</useDomainConstraints>
<use>1</use>
<logicalDatatype>LOGDT019</logicalDatatype>
<dataTypePrecision>4</dataTypePrecision>
<dataTypeScale>2</dataTypeScale>
<ownDataTypeParameters>,4,2</ownDataTypeParameters>
<autoIncrementCycle>false</autoIncrementCycle>
</Column>
<Column name="data_rozpoczecia" id="BCF902D9-6FAB-77F3-7D63-FF25EF3E0DF1">
<createdBy>micha</createdBy>
<createdTime>2022-01-10 11:57:04 UTC</createdTime>
<generatorID>1C93623D-9893-3C98-0447-6B13958603CE</generatorID>
<ownerDesignName>Mikroprojekt_firma_transportowa</ownerDesignName>
<useDomainConstraints>false</useDomainConstraints>
<use>1</use>
<logicalDatatype>LOGDT008</logicalDatatype>
<ownDataTypeParameters>,,</ownDataTypeParameters>
<autoIncrementCycle>false</autoIncrementCycle>
</Column>
<Column name="data_zakonczenia" id="C152461B-3644-F0D9-6AF5-0BBE16435816">
<createdBy>micha</createdBy>
<createdTime>2022-01-10 11:57:04 UTC</createdTime>
<generatorID>F3E3D7F1-1B4B-A072-AB2D-343CA5C9E5F1</generatorID>
<ownerDesignName>Mikroprojekt_firma_transportowa</ownerDesignName>
<useDomainConstraints>false</useDomainConstraints>
<use>1</use>
<logicalDatatype>LOGDT008</logicalDatatype>
<ownDataTypeParameters>,,</ownDataTypeParameters>
<autoIncrementCycle>false</autoIncrementCycle>
</Column>
<Column name="status" id="514501C1-7948-13B9-6922-50D7C170166A">
<createdBy>micha</createdBy>
<createdTime>2022-01-10 11:57:04 UTC</createdTime>
<generatorID>B8E31E41-28C9-7E89-3B9D-249DC307110C</generatorID>
<ownerDesignName>Mikroprojekt_firma_transportowa</ownerDesignName>
<nullsAllowed>true</nullsAllowed>
<useDomainConstraints>false</useDomainConstraints>
<use>1</use>
<logicalDatatype>LOGDT024</logicalDatatype>
<dataTypeSize>20</dataTypeSize>
<ownDataTypeParameters>20,,</ownDataTypeParameters>
<autoIncrementCycle>false</autoIncrementCycle>
</Column>
<Column name="Klient_ID" id="41709CFC-3C51-820E-64A1-B055F5E2D70F">
<createdBy>micha</createdBy>
<createdTime>2022-01-10 11:57:04 UTC</createdTime>
<generatorID>6AEC6D6D-EAC8-3C00-81C0-C9425CEDBAB8</generatorID>
<ownerDesignName>Mikroprojekt_firma_transportowa</ownerDesignName>
<use>0</use>
<logicalDatatype>LOGDT019</logicalDatatype>
<domain>68DCE070-6475-1C62-2CF9-02DD53CEDBC7</domain>
<ownDataTypeParameters>,,</ownDataTypeParameters>
<previousColumn>false</previousColumn>
<autoIncrementCycle>false</autoIncrementCycle>
<associations>
<colAssociation fkAssociation="0E7C5708-860C-7A13-537C-FF5519BFA19D" referredColumn="C307C6E4-C853-4EC3-DEE9-626F85C737B6"/>
</associations>
</Column>
<Column name="Kierowca_ID" id="E151BE02-4B47-CB39-A4E3-9A0626D97D7F">
<createdBy>micha</createdBy>
<createdTime>2022-01-10 11:57:04 UTC</createdTime>
<generatorID>A30F2EBF-6364-C990-C3A7-455BFC8A0933</generatorID>
<ownerDesignName>Mikroprojekt_firma_transportowa</ownerDesignName>
<use>0</use>
<logicalDatatype>LOGDT019</logicalDatatype>
<domain>68DCE070-6475-1C62-2CF9-02DD53CEDBC7</domain>
<ownDataTypeParameters>,,</ownDataTypeParameters>
<previousColumn>false</previousColumn>
<autoIncrementCycle>false</autoIncrementCycle>
<associations>
<colAssociation fkAssociation="2BCEE831-F8EB-A67B-3993-9DF13B5FA9AD" referredColumn="CF553667-E2B6-D0AC-77E2-23E993000BBA"/>
</associations>
</Column>
<Column name="adres_ID_odbioru" id="772C5E4B-1CBE-5222-A388-FF7512FCFB5B">
<createdBy>micha</createdBy>
<createdTime>2022-01-10 11:57:04 UTC</createdTime>
<generatorID>8C43FF75-2BAF-6FE3-EFAF-6576510FBDFA</generatorID>
<ownerDesignName>Mikroprojekt_firma_transportowa</ownerDesignName>
<use>0</use>
<logicalDatatype>LOGDT019</logicalDatatype>
<domain>68DCE070-6475-1C62-2CF9-02DD53CEDBC7</domain>
<ownDataTypeParameters>,,</ownDataTypeParameters>
<previousColumn>false</previousColumn>
<autoIncrementCycle>false</autoIncrementCycle>
<associations>
<colAssociation fkAssociation="99EF18FB-150F-9F5B-6184-D9B737DC3B62" referredColumn="35224DBA-6480-3BBE-15F5-FA3780274F49"/>
</associations>
</Column>
<Column name="adres_ID_dostawy" id="0C39FE9D-5824-D2C8-A8F6-E9204BBDE4B5">
<createdBy>micha</createdBy>
<createdTime>2022-01-10 11:57:04 UTC</createdTime>
<generatorID>3294B729-F8F1-3FA5-274F-E6055B5204E0</generatorID>
<ownerDesignName>Mikroprojekt_firma_transportowa</ownerDesignName>
<use>0</use>
<logicalDatatype>LOGDT019</logicalDatatype>
<domain>68DCE070-6475-1C62-2CF9-02DD53CEDBC7</domain>
<ownDataTypeParameters>,,</ownDataTypeParameters>
<previousColumn>false</previousColumn>
<autoIncrementCycle>false</autoIncrementCycle>
<associations>
<colAssociation fkAssociation="06259471-CC2F-261A-4F85-5D1C781404A5" referredColumn="35224DBA-6480-3BBE-15F5-FA3780274F49"/>
</associations>
</Column>
<Column name="oplata_ID" id="894BD84A-1F47-D8DC-78CF-36C96359B568">
<createdBy>micha</createdBy>
<createdTime>2022-01-10 11:57:04 UTC</createdTime>
<generatorID>1D3DE4B9-55DE-EF18-73EE-92E915F01990</generatorID>
<ownerDesignName>Mikroprojekt_firma_transportowa</ownerDesignName>
<use>0</use>
<logicalDatatype>LOGDT019</logicalDatatype>
<domain>68DCE070-6475-1C62-2CF9-02DD53CEDBC7</domain>
<ownDataTypeParameters>,,</ownDataTypeParameters>
<previousColumn>false</previousColumn>
<autoIncrementCycle>false</autoIncrementCycle>
<associations>
<colAssociation fkAssociation="C808FCFD-4115-4639-7829-04FC4744FD71" referredColumn="38FE5400-037F-36F9-0F0C-C6EBD2ABBC70"/>
</associations>
</Column>
</columns>
<indexes itemClass="oracle.dbtools.crest.model.design.relational.Index">
<ind_PK_UK id="EC23ACB9-E615-8E90-41F0-860F5133816D" name="Zlecenie_PK">
<createdBy>micha</createdBy>
<createdTime>2022-01-10 11:57:04 UTC</createdTime>
<generatorID>A940C1FC-6157-B550-DBF7-6D8895EBFD3F</generatorID>
<ownerDesignName>Mikroprojekt_firma_transportowa</ownerDesignName>
<pk>true</pk>
<indexState>Primary Constraint</indexState>
<isSurrogateKey>false</isSurrogateKey>
<indexColumnUsage>
<colUsage columnID="821D6A9D-3E11-551F-8CD8-6AB3693E9656"/>
</indexColumnUsage>
</ind_PK_UK>
<ind_PK_UK id="2303184C-8DBE-82E8-D251-C1E6520F9F90" name="Zlecenie__IDX">
<createdBy>micha</createdBy>
<createdTime>2022-01-10 11:57:04 UTC</createdTime>
<ownerDesignName>Mikroprojekt_firma_transportowa</ownerDesignName>
<indexState>Unique Plain Index</indexState>
<isSurrogateKey>false</isSurrogateKey>
<relationGeneratorID>F214AC82-F3C2-EC44-438D-3B259F557FFE</relationGeneratorID>
<indexColumnUsage>
<colUsage columnID="894BD84A-1F47-D8DC-78CF-36C96359B568"/>
</indexColumnUsage>
</ind_PK_UK>
<ind_PK_UK id="F8318C3E-820A-51E2-B451-9C50C4325164" name="Zlecenie_Klient_FK">
<createdBy>micha</createdBy>
<createdTime>2022-01-10 11:57:04 UTC</createdTime>
<generatorID>69A1EB12-46A2-C147-2EBB-D53DA244045A</generatorID>
<ownerDesignName>Mikroprojekt_firma_transportowa</ownerDesignName>
<indexState>Foreign Key</indexState>
<isSurrogateKey>false</isSurrogateKey>
<indexColumnUsage>
<colUsage columnID="41709CFC-3C51-820E-64A1-B055F5E2D70F"/>
</indexColumnUsage>
</ind_PK_UK>
<ind_PK_UK id="9A001116-5A5F-C387-179B-88D14F261DF8" name="Zlecenie_KIerowcy_FK">
<createdBy>micha</createdBy>
<createdTime>2022-01-10 11:57:04 UTC</createdTime>
<generatorID>77D5563B-5146-B531-2CC3-6F4D5C55824F</generatorID>
<ownerDesignName>Mikroprojekt_firma_transportowa</ownerDesignName>
<indexState>Foreign Key</indexState>
<isSurrogateKey>false</isSurrogateKey>
<indexColumnUsage>
<colUsage columnID="E151BE02-4B47-CB39-A4E3-9A0626D97D7F"/>
</indexColumnUsage>
</ind_PK_UK>
<ind_PK_UK id="FFE2C8CB-9187-1F33-501F-A878B20F88E4" name="Zlecenie_Adresy_FK">
<createdBy>micha</createdBy>
<createdTime>2022-01-10 11:57:04 UTC</createdTime>
<generatorID>09E1024D-9CAC-5675-06CD-EEF160B626C4</generatorID>
<ownerDesignName>Mikroprojekt_firma_transportowa</ownerDesignName>
<indexState>Foreign Key</indexState>
<isSurrogateKey>false</isSurrogateKey>
<indexColumnUsage>
<colUsage columnID="772C5E4B-1CBE-5222-A388-FF7512FCFB5B"/>
</indexColumnUsage>
</ind_PK_UK>
<ind_PK_UK id="0D4B86E0-EDFC-AF01-A8D0-C64B3A2DF528" name="Zlecenie_Adresy_FKv1">
<createdBy>micha</createdBy>
<createdTime>2022-01-10 11:57:04 UTC</createdTime>
<generatorID>B4D87FB5-A301-F5DE-4D72-4C51CEAFB022</generatorID>
<ownerDesignName>Mikroprojekt_firma_transportowa</ownerDesignName>
<indexState>Foreign Key</indexState>
<isSurrogateKey>false</isSurrogateKey>
<indexColumnUsage>
<colUsage columnID="0C39FE9D-5824-D2C8-A8F6-E9204BBDE4B5"/>
</indexColumnUsage>
</ind_PK_UK>
<ind_PK_UK id="CC9F3AD1-5BFC-789A-963B-7F3238856220" name="Zlecenie_Oplaty_FK">
<createdBy>micha</createdBy>
<createdTime>2022-01-10 11:57:04 UTC</createdTime>
<generatorID>F214AC82-F3C2-EC44-438D-3B259F557FFE</generatorID>
<ownerDesignName>Mikroprojekt_firma_transportowa</ownerDesignName>
<indexState>Foreign Key</indexState>
<isSurrogateKey>false</isSurrogateKey>
<indexColumnUsage>
<colUsage columnID="894BD84A-1F47-D8DC-78CF-36C96359B568"/>
</indexColumnUsage>
</ind_PK_UK>
</indexes>
</Table>