<?xml version = '1.0' encoding = 'UTF-8'?>
<Table class="oracle.dbtools.crest.model.design.relational.Table" directorySegmentName="seg_0" id="8D2816EE-AD3A-EA7C-5ED7-FFFD928B99E8" name="Karty_znizek">
<createdBy>micha</createdBy>
<createdTime>2022-01-10 11:57:04 UTC</createdTime>
<generatorID>E5283BD2-8C00-8BCB-D8B1-F9607756B430</generatorID>
<ownerDesignName>Mikroprojekt_firma_transportowa</ownerDesignName>
<allowColumnReorder>false</allowColumnReorder>
<existDependencyGenerateInDDl>true</existDependencyGenerateInDDl>
<parsed>true</parsed>
<columns itemClass="oracle.dbtools.crest.model.design.relational.Column">
<Column name="karta_ID" id="EF66C31F-F956-D5AF-A2CB-AD5A0D96B035">
<createdBy>micha</createdBy>
<createdTime>2022-01-10 11:57:04 UTC</createdTime>
<generatorID>9CFDC7D5-8D55-07D6-0950-E2EE28242E6F</generatorID>
<ownerDesignName>Mikroprojekt_firma_transportowa</ownerDesignName>
<use>0</use>
<logicalDatatype>LOGDT019</logicalDatatype>
<domain>68DCE070-6475-1C62-2CF9-02DD53CEDBC7</domain>
<ownDataTypeParameters>,,</ownDataTypeParameters>
<autoIncrementCycle>false</autoIncrementCycle>
</Column>
<Column name="typ_karty" id="0876594C-3FCE-0D99-ABBD-7C0838DCE8BC">
<createdBy>micha</createdBy>
<createdTime>2022-01-10 11:57:04 UTC</createdTime>
<generatorID>EA24C00B-049A-FCB3-9FB4-9350CD16EE36</generatorID>
<ownerDesignName>Mikroprojekt_firma_transportowa</ownerDesignName>
<useDomainConstraints>false</useDomainConstraints>
<use>1</use>
<logicalDatatype>LOGDT024</logicalDatatype>
<dataTypeSize>20</dataTypeSize>
<ownDataTypeParameters>20,,</ownDataTypeParameters>
<autoIncrementCycle>false</autoIncrementCycle>
</Column>
<Column name="znizka" id="952DFAA3-41EE-4E39-0CD3-864A3277AC33">
<createdBy>micha</createdBy>
<createdTime>2022-01-10 11:57:04 UTC</createdTime>
<generatorID>41D01FAC-D088-17CC-AA04-585D0B51E55E</generatorID>
<ownerDesignName>Mikroprojekt_firma_transportowa</ownerDesignName>
<useDomainConstraints>false</useDomainConstraints>
<use>1</use>
<logicalDatatype>LOGDT019</logicalDatatype>
<ownDataTypeParameters>,,</ownDataTypeParameters>
<autoIncrementCycle>false</autoIncrementCycle>
</Column>
<Column name="data_wyrobienia" id="E1CE6788-EE60-F411-7832-A5A3F4299E79">
<createdBy>micha</createdBy>
<createdTime>2022-01-10 11:57:04 UTC</createdTime>
<generatorID>9CB49EA5-3E86-DBAD-96C7-B6EFADA97BF6</generatorID>
<ownerDesignName>Mikroprojekt_firma_transportowa</ownerDesignName>
<useDomainConstraints>false</useDomainConstraints>
<use>1</use>
<logicalDatatype>LOGDT008</logicalDatatype>
<ownDataTypeParameters>,,</ownDataTypeParameters>
<autoIncrementCycle>false</autoIncrementCycle>
</Column>
<Column name="data_waznosci" id="99B3F2C2-3B25-3220-2D50-EC82FB0F1D3F">
<createdBy>micha</createdBy>
<createdTime>2022-01-10 11:57:04 UTC</createdTime>
<generatorID>B5B56F00-CD90-618C-3635-E1618F7E1756</generatorID>
<ownerDesignName>Mikroprojekt_firma_transportowa</ownerDesignName>
<useDomainConstraints>false</useDomainConstraints>
<use>1</use>
<logicalDatatype>LOGDT008</logicalDatatype>
<ownDataTypeParameters>,,</ownDataTypeParameters>
<autoIncrementCycle>false</autoIncrementCycle>
</Column>
</columns>
<indexes itemClass="oracle.dbtools.crest.model.design.relational.Index">
<ind_PK_UK id="265D54EC-874A-73E6-A03C-FC8428DD1C68" name="Karty_znizek_PK">
<createdBy>micha</createdBy>
<createdTime>2022-01-10 11:57:04 UTC</createdTime>
<generatorID>26BFB902-D8F6-6B43-BD10-2B8322087621</generatorID>
<ownerDesignName>Mikroprojekt_firma_transportowa</ownerDesignName>
<pk>true</pk>
<indexState>Primary Constraint</indexState>
<isSurrogateKey>false</isSurrogateKey>
<indexColumnUsage>
<colUsage columnID="EF66C31F-F956-D5AF-A2CB-AD5A0D96B035"/>
</indexColumnUsage>
</ind_PK_UK>
</indexes>
</Table>