<?xml version = '1.0' encoding = 'UTF-8'?>
<Table class="oracle.dbtools.crest.model.design.relational.Table" directorySegmentName="seg_0" id="A149DE43-3E28-A4FB-BB6F-A67CB1ACB19F" name="KIerowcy">
<createdBy>micha</createdBy>
<createdTime>2022-01-10 11:57:04 UTC</createdTime>
<generatorID>3EE7F1E2-B51B-B56B-7AE6-404E8D1C7A11</generatorID>
<ownerDesignName>Mikroprojekt_firma_transportowa</ownerDesignName>
<allowColumnReorder>false</allowColumnReorder>
<existDependencyGenerateInDDl>true</existDependencyGenerateInDDl>
<parsed>true</parsed>
<columns itemClass="oracle.dbtools.crest.model.design.relational.Column">
<Column name="Kierowca_ID" id="CF553667-E2B6-D0AC-77E2-23E993000BBA">
<createdBy>micha</createdBy>
<createdTime>2022-01-10 11:57:04 UTC</createdTime>
<generatorID>21C71EDF-1E12-E6E0-723E-61E6BA39F6B6</generatorID>
<ownerDesignName>Mikroprojekt_firma_transportowa</ownerDesignName>
<use>0</use>
<logicalDatatype>LOGDT019</logicalDatatype>
<domain>68DCE070-6475-1C62-2CF9-02DD53CEDBC7</domain>
<ownDataTypeParameters>,,</ownDataTypeParameters>
<autoIncrementCycle>false</autoIncrementCycle>
</Column>
<Column name="Pracownik_ID" id="9A0A91AE-7863-03AC-418E-41990DC1CE67">
<createdBy>micha</createdBy>
<createdTime>2022-01-10 11:57:04 UTC</createdTime>
<generatorID>AD340384-3730-080E-12AE-C24DEB861CCC</generatorID>
<ownerDesignName>Mikroprojekt_firma_transportowa</ownerDesignName>
<use>0</use>
<logicalDatatype>LOGDT019</logicalDatatype>
<domain>68DCE070-6475-1C62-2CF9-02DD53CEDBC7</domain>
<ownDataTypeParameters>,,</ownDataTypeParameters>
<previousColumn>false</previousColumn>
<autoIncrementCycle>false</autoIncrementCycle>
<associations>
<colAssociation fkAssociation="6322DD3C-EF07-CB20-D3DD-406B65628005" referredColumn="76EB9485-5B82-1099-390A-A886C99156C6"/>
</associations>
</Column>
<Column name="Samochod_ID" id="C3908E88-31FB-77D5-E902-ADD653AF9CA4">
<createdBy>micha</createdBy>
<createdTime>2022-01-10 11:57:04 UTC</createdTime>
<generatorID>158EB78E-8481-FE96-41CA-F2BA151EEF06</generatorID>
<ownerDesignName>Mikroprojekt_firma_transportowa</ownerDesignName>
<use>0</use>
<logicalDatatype>LOGDT019</logicalDatatype>
<domain>68DCE070-6475-1C62-2CF9-02DD53CEDBC7</domain>
<ownDataTypeParameters>,,</ownDataTypeParameters>
<previousColumn>false</previousColumn>
<autoIncrementCycle>false</autoIncrementCycle>
<associations>
<colAssociation fkAssociation="F40F8C7C-0840-0330-D972-CFF3CD26BA60" referredColumn="24B614BD-F19B-4EDE-8F39-D1D98DFF3345"/>
</associations>
</Column>
</columns>
<indexes itemClass="oracle.dbtools.crest.model.design.relational.Index">
<ind_PK_UK id="B565C40C-BA00-AF45-47FE-2284A1CDDA94" name="KIerowcy_PK">
<createdBy>micha</createdBy>
<createdTime>2022-01-10 11:57:04 UTC</createdTime>
<generatorID>5A697448-D09F-5B42-A467-D63C89AA196D</generatorID>
<ownerDesignName>Mikroprojekt_firma_transportowa</ownerDesignName>
<pk>true</pk>
<indexState>Primary Constraint</indexState>
<isSurrogateKey>false</isSurrogateKey>
<indexColumnUsage>
<colUsage columnID="CF553667-E2B6-D0AC-77E2-23E993000BBA"/>
</indexColumnUsage>
</ind_PK_UK>
<ind_PK_UK id="01EA2D83-FCA7-0ED0-DD46-97F389D73ADD" name="KIerowcy_Pracownik_FK">
<createdBy>micha</createdBy>
<createdTime>2022-01-10 11:57:04 UTC</createdTime>
<generatorID>9D2E6E1F-0068-0DFB-7145-CEB45D8D2917</generatorID>
<ownerDesignName>Mikroprojekt_firma_transportowa</ownerDesignName>
<indexState>Foreign Key</indexState>
<isSurrogateKey>false</isSurrogateKey>
<indexColumnUsage>
<colUsage columnID="9A0A91AE-7863-03AC-418E-41990DC1CE67"/>
</indexColumnUsage>
</ind_PK_UK>
<ind_PK_UK id="DE87CC62-9838-71E5-58D5-954C65B3A8AB" name="KIerowcy_Samochod_FK">
<createdBy>micha</createdBy>
<createdTime>2022-01-10 11:57:04 UTC</createdTime>
<generatorID>96256F31-759C-C42B-B990-AB1B3B9E2819</generatorID>
<ownerDesignName>Mikroprojekt_firma_transportowa</ownerDesignName>
<indexState>Foreign Key</indexState>
<isSurrogateKey>false</isSurrogateKey>
<indexColumnUsage>
<colUsage columnID="C3908E88-31FB-77D5-E902-ADD653AF9CA4"/>
</indexColumnUsage>
</ind_PK_UK>
</indexes>
</Table>