<?xml version = '1.0' encoding = 'UTF-8'?>
<Table class="oracle.dbtools.crest.model.design.relational.Table" directorySegmentName="seg_0" id="C4728F35-C991-18F6-8B9B-C19CEB7A3812" name="Samochod">
<createdBy>micha</createdBy>
<createdTime>2022-01-10 11:57:04 UTC</createdTime>
<generatorID>0C435419-8FC8-03C7-A0CE-6D49D8910ACE</generatorID>
<ownerDesignName>Mikroprojekt_firma_transportowa</ownerDesignName>
<allowColumnReorder>false</allowColumnReorder>
<existDependencyGenerateInDDl>true</existDependencyGenerateInDDl>
<parsed>true</parsed>
<columns itemClass="oracle.dbtools.crest.model.design.relational.Column">
<Column name="Samochod_ID" id="24B614BD-F19B-4EDE-8F39-D1D98DFF3345">
<createdBy>micha</createdBy>
<createdTime>2022-01-10 11:57:04 UTC</createdTime>
<generatorID>812CA273-681C-19DB-A74B-0E31E2C58C1C</generatorID>
<ownerDesignName>Mikroprojekt_firma_transportowa</ownerDesignName>
<use>0</use>
<logicalDatatype>LOGDT019</logicalDatatype>
<domain>68DCE070-6475-1C62-2CF9-02DD53CEDBC7</domain>
<ownDataTypeParameters>,,</ownDataTypeParameters>
<autoIncrementCycle>false</autoIncrementCycle>
</Column>
<Column name="numer_rejestracyjny" id="D17F0225-9C28-3A08-C8B2-8641FE3DE9C7">
<createdBy>micha</createdBy>
<createdTime>2022-01-10 11:57:04 UTC</createdTime>
<generatorID>F2B8AC0E-CE79-4796-C14F-FA1DDEE64FD8</generatorID>
<ownerDesignName>Mikroprojekt_firma_transportowa</ownerDesignName>
<useDomainConstraints>false</useDomainConstraints>
<use>1</use>
<logicalDatatype>LOGDT024</logicalDatatype>
<dataTypeSize>20</dataTypeSize>
<ownDataTypeParameters>20,,</ownDataTypeParameters>
<autoIncrementCycle>false</autoIncrementCycle>
</Column>
<Column name="marka" id="972B5350-19BC-DA50-711D-DF19223E71A2">
<createdBy>micha</createdBy>
<createdTime>2022-01-10 11:57:04 UTC</createdTime>
<generatorID>55A4255B-03D4-4E6F-F2C1-4E0F4BE2AA3E</generatorID>
<ownerDesignName>Mikroprojekt_firma_transportowa</ownerDesignName>
<useDomainConstraints>false</useDomainConstraints>
<use>1</use>
<logicalDatatype>LOGDT024</logicalDatatype>
<dataTypeSize>20</dataTypeSize>
<ownDataTypeParameters>20,,</ownDataTypeParameters>
<autoIncrementCycle>false</autoIncrementCycle>
</Column>
<Column name="model" id="7AC2E50D-3667-0DB8-2021-95E07ED3724F">
<createdBy>micha</createdBy>
<createdTime>2022-01-10 11:57:04 UTC</createdTime>
<generatorID>6A756A7A-07F0-8637-ADD9-671D8C366EA5</generatorID>
<ownerDesignName>Mikroprojekt_firma_transportowa</ownerDesignName>
<nullsAllowed>true</nullsAllowed>
<useDomainConstraints>false</useDomainConstraints>
<use>1</use>
<logicalDatatype>LOGDT024</logicalDatatype>
<dataTypeSize>20</dataTypeSize>
<ownDataTypeParameters>20,,</ownDataTypeParameters>
<autoIncrementCycle>false</autoIncrementCycle>
</Column>
<Column name="rocznik" id="2F7512B1-B6F3-7F82-00F3-7ECCDBBE4EA9">
<createdBy>micha</createdBy>
<createdTime>2022-01-10 11:57:04 UTC</createdTime>
<generatorID>A3C49ECE-95B7-7AF5-80F4-8150BBBD7BFC</generatorID>
<ownerDesignName>Mikroprojekt_firma_transportowa</ownerDesignName>
<nullsAllowed>true</nullsAllowed>
<useDomainConstraints>false</useDomainConstraints>
<use>1</use>
<logicalDatatype>LOGDT019</logicalDatatype>
<dataTypePrecision>5</dataTypePrecision>
<ownDataTypeParameters>,5,</ownDataTypeParameters>
<autoIncrementCycle>false</autoIncrementCycle>
</Column>
<Column name="pojemnosc_zbiornika" id="C6E39A97-37DC-F7FB-FA5C-F8CD7A606C6E">
<createdBy>micha</createdBy>
<createdTime>2022-01-10 11:57:04 UTC</createdTime>
<generatorID>DFC4F0C6-10D5-AC5C-FA7A-713C8376C157</generatorID>
<ownerDesignName>Mikroprojekt_firma_transportowa</ownerDesignName>
<nullsAllowed>true</nullsAllowed>
<useDomainConstraints>false</useDomainConstraints>
<use>1</use>
<logicalDatatype>LOGDT019</logicalDatatype>
<dataTypePrecision>3</dataTypePrecision>
<ownDataTypeParameters>,3,</ownDataTypeParameters>
<autoIncrementCycle>false</autoIncrementCycle>
</Column>
<Column name="Koszty_koszty_ID" id="514281C0-84AB-C1ED-F912-868119F57B39">
<createdBy>micha</createdBy>
<createdTime>2022-01-10 11:57:04 UTC</createdTime>
<generatorID>E0789E3C-C0B8-4462-6E98-88911387A445</generatorID>
<ownerDesignName>Mikroprojekt_firma_transportowa</ownerDesignName>
<use>0</use>
<logicalDatatype>LOGDT019</logicalDatatype>
<domain>68DCE070-6475-1C62-2CF9-02DD53CEDBC7</domain>
<ownDataTypeParameters>,,</ownDataTypeParameters>
<previousColumn>false</previousColumn>
<autoIncrementCycle>false</autoIncrementCycle>
<associations>
<colAssociation fkAssociation="A54AFAD7-F2B2-57DB-C1BF-D471AD0A8CF0" referredColumn="CA33F2BD-79D2-39D9-72B8-3461B82CE596"/>
</associations>
</Column>
</columns>
<indexes itemClass="oracle.dbtools.crest.model.design.relational.Index">
<ind_PK_UK id="5CC887DF-14D6-D625-91C6-901060979DAD" name="Samochod_PK">
<createdBy>micha</createdBy>
<createdTime>2022-01-10 11:57:04 UTC</createdTime>
<generatorID>CFEFACA7-A9AF-B676-F99F-943B5B218ABE</generatorID>
<ownerDesignName>Mikroprojekt_firma_transportowa</ownerDesignName>
<pk>true</pk>
<indexState>Primary Constraint</indexState>
<isSurrogateKey>false</isSurrogateKey>
<indexColumnUsage>
<colUsage columnID="24B614BD-F19B-4EDE-8F39-D1D98DFF3345"/>
</indexColumnUsage>
</ind_PK_UK>
<ind_PK_UK id="B2B8069F-1053-FDCA-C885-2C12E9059A10" name="Samochod__IDX">
<createdBy>micha</createdBy>
<createdTime>2022-01-10 11:57:04 UTC</createdTime>
<ownerDesignName>Mikroprojekt_firma_transportowa</ownerDesignName>
<indexState>Unique Plain Index</indexState>
<isSurrogateKey>false</isSurrogateKey>
<relationGeneratorID>2CF3DCF8-E8B9-49C0-8E61-28AC430AF42F</relationGeneratorID>
<indexColumnUsage>
<colUsage columnID="514281C0-84AB-C1ED-F912-868119F57B39"/>
</indexColumnUsage>
</ind_PK_UK>
<ind_PK_UK id="AA519BED-A3E8-674A-C95D-465F2D3AA52E" name="Samochod_Koszty_FK">
<createdBy>micha</createdBy>
<createdTime>2022-01-10 11:57:04 UTC</createdTime>
<generatorID>2CF3DCF8-E8B9-49C0-8E61-28AC430AF42F</generatorID>
<ownerDesignName>Mikroprojekt_firma_transportowa</ownerDesignName>
<indexState>Foreign Key</indexState>
<isSurrogateKey>false</isSurrogateKey>
<indexColumnUsage>
<colUsage columnID="514281C0-84AB-C1ED-F912-868119F57B39"/>
</indexColumnUsage>
</ind_PK_UK>
</indexes>
</Table>