<?xml version = '1.0' encoding = 'UTF-8'?>
<Table class="oracle.dbtools.crest.model.design.relational.Table" directorySegmentName="seg_0" id="CD693996-6CC3-CD1F-0B51-4D3F8C0A5A47" name="Pracownik">
<createdBy>micha</createdBy>
<createdTime>2022-01-10 11:57:04 UTC</createdTime>
<generatorID>D3C67270-EF64-9AC7-76DC-00F974A0EBD6</generatorID>
<ownerDesignName>Mikroprojekt_firma_transportowa</ownerDesignName>
<allowColumnReorder>false</allowColumnReorder>
<existDependencyGenerateInDDl>true</existDependencyGenerateInDDl>
<parsed>true</parsed>
<columns itemClass="oracle.dbtools.crest.model.design.relational.Column">
<Column name="Pracownik_ID" id="76EB9485-5B82-1099-390A-A886C99156C6">
<createdBy>micha</createdBy>
<createdTime>2022-01-10 11:57:04 UTC</createdTime>
<generatorID>E72E8577-62BC-2BC6-0D03-1D8169B2910C</generatorID>
<ownerDesignName>Mikroprojekt_firma_transportowa</ownerDesignName>
<use>0</use>
<logicalDatatype>LOGDT019</logicalDatatype>
<domain>68DCE070-6475-1C62-2CF9-02DD53CEDBC7</domain>
<ownDataTypeParameters>,,</ownDataTypeParameters>
<autoIncrementCycle>false</autoIncrementCycle>
</Column>
<Column name="stanowisko" id="5B224A1C-37B9-D732-396D-E0E1FDA3A064">
<createdBy>micha</createdBy>
<createdTime>2022-01-10 11:57:04 UTC</createdTime>
<generatorID>3FE2B1EB-F251-12D1-A522-2F4A066C2395</generatorID>
<ownerDesignName>Mikroprojekt_firma_transportowa</ownerDesignName>
<nullsAllowed>true</nullsAllowed>
<useDomainConstraints>false</useDomainConstraints>
<use>1</use>
<logicalDatatype>LOGDT024</logicalDatatype>
<dataTypeSize>35</dataTypeSize>
<ownDataTypeParameters>35,,</ownDataTypeParameters>
<autoIncrementCycle>false</autoIncrementCycle>
</Column>
<Column name="dane_ID" id="71D7614E-0B0F-9CAF-ACF9-402E64ACA9F3">
<createdBy>micha</createdBy>
<createdTime>2022-01-10 11:57:04 UTC</createdTime>
<generatorID>417B37AC-59D8-1659-A812-C7F20C531921</generatorID>
<ownerDesignName>Mikroprojekt_firma_transportowa</ownerDesignName>
<use>0</use>
<logicalDatatype>LOGDT019</logicalDatatype>
<domain>68DCE070-6475-1C62-2CF9-02DD53CEDBC7</domain>
<ownDataTypeParameters>,,</ownDataTypeParameters>
<previousColumn>false</previousColumn>
<autoIncrementCycle>false</autoIncrementCycle>
<associations>
<colAssociation fkAssociation="0FB4C48A-7C40-9FF4-D400-7C94768A5DFE" referredColumn="6A79D928-06C3-5B08-C7ED-96411C7C0A7B"/>
</associations>
</Column>
<Column name="adres_ID" id="0864EEA3-ACA9-4163-FFC8-38CA83CF9945">
<createdBy>micha</createdBy>
<createdTime>2022-01-10 11:57:04 UTC</createdTime>
<generatorID>FAA54B5E-A9CB-F63D-AB25-2A92DABE7807</generatorID>
<ownerDesignName>Mikroprojekt_firma_transportowa</ownerDesignName>
<use>0</use>
<logicalDatatype>LOGDT019</logicalDatatype>
<domain>68DCE070-6475-1C62-2CF9-02DD53CEDBC7</domain>
<ownDataTypeParameters>,,</ownDataTypeParameters>
<previousColumn>false</previousColumn>
<autoIncrementCycle>false</autoIncrementCycle>
<associations>
<colAssociation fkAssociation="12D5E7C6-9292-ADC3-6651-7F50BF4E749B" referredColumn="35224DBA-6480-3BBE-15F5-FA3780274F49"/>
</associations>
</Column>
<Column name="wyksztalcenie_ID" id="EC321A80-3394-C8F1-EB5C-DB70C35DDA67">
<createdBy>micha</createdBy>
<createdTime>2022-01-10 11:57:04 UTC</createdTime>
<generatorID>17A5CE8E-B125-0C29-B4A5-7C6F634C48BC</generatorID>
<ownerDesignName>Mikroprojekt_firma_transportowa</ownerDesignName>
<use>0</use>
<logicalDatatype>LOGDT019</logicalDatatype>
<domain>68DCE070-6475-1C62-2CF9-02DD53CEDBC7</domain>
<ownDataTypeParameters>,,</ownDataTypeParameters>
<previousColumn>false</previousColumn>
<autoIncrementCycle>false</autoIncrementCycle>
<associations>
<colAssociation fkAssociation="A81A312F-70FE-58A4-765E-E056BC5CDB08" referredColumn="AE975049-3784-0312-88CF-50E89ED49892"/>
</associations>
</Column>
<Column name="pensja" id="3F55BBD5-E5EF-BE75-6554-98EEC0A00B08">
<createdBy>micha</createdBy>
<createdTime>2022-01-17 14:10:56 UTC</createdTime>
<generatorID>C9FEE2AE-5F27-F526-8B0C-47CE3F97F624</generatorID>
<ownerDesignName>Mikroprojekt_firma_transportowa</ownerDesignName>
<useDomainConstraints>false</useDomainConstraints>
<use>1</use>
<logicalDatatype>LOGDT019</logicalDatatype>
<ownDataTypeParameters>,,</ownDataTypeParameters>
<autoIncrementCycle>false</autoIncrementCycle>
</Column>
</columns>
<indexes itemClass="oracle.dbtools.crest.model.design.relational.Index">
<ind_PK_UK id="F49D7898-FA5D-9111-6DE2-66D1E044ED35" name="Pracownik_PK">
<createdBy>micha</createdBy>
<createdTime>2022-01-10 11:57:04 UTC</createdTime>
<generatorID>47066AEC-52BA-E88E-A822-6D7B3FCE71E9</generatorID>
<ownerDesignName>Mikroprojekt_firma_transportowa</ownerDesignName>
<pk>true</pk>
<indexState>Primary Constraint</indexState>
<isSurrogateKey>false</isSurrogateKey>
<indexColumnUsage>
<colUsage columnID="76EB9485-5B82-1099-390A-A886C99156C6"/>
</indexColumnUsage>
</ind_PK_UK>
<ind_PK_UK id="1E5DD5BA-1EA9-3B1F-F2C2-F0FC0ED5D576" name="Pracownik__IDX">
<createdBy>micha</createdBy>
<createdTime>2022-01-10 11:57:04 UTC</createdTime>
<ownerDesignName>Mikroprojekt_firma_transportowa</ownerDesignName>
<indexState>Unique Plain Index</indexState>
<isSurrogateKey>false</isSurrogateKey>
<relationGeneratorID>BAC2A1C0-4778-D00B-E30A-4B9C8208362B</relationGeneratorID>
<indexColumnUsage>
<colUsage columnID="71D7614E-0B0F-9CAF-ACF9-402E64ACA9F3"/>
</indexColumnUsage>
</ind_PK_UK>
<ind_PK_UK id="5D476D5A-83E9-68EF-13FC-D5947D621D39" name="Pracownik_Adresy_FK">
<createdBy>micha</createdBy>
<createdTime>2022-01-10 11:57:04 UTC</createdTime>
<generatorID>07449EF7-DC5E-0DBD-B3DA-DD15C071881D</generatorID>
<ownerDesignName>Mikroprojekt_firma_transportowa</ownerDesignName>
<indexState>Foreign Key</indexState>
<isSurrogateKey>false</isSurrogateKey>
<indexColumnUsage>
<colUsage columnID="0864EEA3-ACA9-4163-FFC8-38CA83CF9945"/>
</indexColumnUsage>
</ind_PK_UK>
<ind_PK_UK id="76FE324B-FA59-AEE0-6F90-A625A86F0474" name="Pracownik_Wyksztalcenie_FK">
<createdBy>micha</createdBy>
<createdTime>2022-01-10 11:57:04 UTC</createdTime>
<generatorID>1F120EB6-1105-A9D9-04FA-809B4B0E8133</generatorID>
<ownerDesignName>Mikroprojekt_firma_transportowa</ownerDesignName>
<indexState>Foreign Key</indexState>
<isSurrogateKey>false</isSurrogateKey>
<indexColumnUsage>
<colUsage columnID="EC321A80-3394-C8F1-EB5C-DB70C35DDA67"/>
</indexColumnUsage>
</ind_PK_UK>
<ind_PK_UK id="F9123A51-963A-18F6-F1EE-87BD8A1B487F" name="Pracownik_Dane_osobowe_FK">
<createdBy>micha</createdBy>
<createdTime>2022-01-10 11:57:04 UTC</createdTime>
<generatorID>BAC2A1C0-4778-D00B-E30A-4B9C8208362B</generatorID>
<ownerDesignName>Mikroprojekt_firma_transportowa</ownerDesignName>
<indexState>Foreign Key</indexState>
<isSurrogateKey>false</isSurrogateKey>
<indexColumnUsage>
<colUsage columnID="71D7614E-0B0F-9CAF-ACF9-402E64ACA9F3"/>
</indexColumnUsage>
</ind_PK_UK>
</indexes>
</Table>