<?xml version = '1.0' encoding = 'UTF-8'?>
<Table class="oracle.dbtools.crest.model.design.relational.Table" directorySegmentName="seg_0" id="DBE0AFCD-BD05-C333-D14B-BDFE8D35B3CE" name="Klient">
<createdBy>micha</createdBy>
<createdTime>2022-01-10 11:57:04 UTC</createdTime>
<generatorID>5F4835B8-2968-3C6F-8371-25890C408E6E</generatorID>
<ownerDesignName>Mikroprojekt_firma_transportowa</ownerDesignName>
<allowColumnReorder>false</allowColumnReorder>
<existDependencyGenerateInDDl>true</existDependencyGenerateInDDl>
<parsed>true</parsed>
<columns itemClass="oracle.dbtools.crest.model.design.relational.Column">
<Column name="Klient_ID" id="C307C6E4-C853-4EC3-DEE9-626F85C737B6">
<createdBy>micha</createdBy>
<createdTime>2022-01-10 11:57:04 UTC</createdTime>
<generatorID>BAE2B782-6476-18C0-16A0-052B90D1C957</generatorID>
<ownerDesignName>Mikroprojekt_firma_transportowa</ownerDesignName>
<use>0</use>
<logicalDatatype>LOGDT019</logicalDatatype>
<domain>68DCE070-6475-1C62-2CF9-02DD53CEDBC7</domain>
<ownDataTypeParameters>,,</ownDataTypeParameters>
<autoIncrementCycle>false</autoIncrementCycle>
</Column>
<Column name="dane_ID" id="3CBF3F4B-ADF5-D895-4E0C-60422F973720">
<createdBy>micha</createdBy>
<createdTime>2022-01-10 11:57:04 UTC</createdTime>
<generatorID>029B910D-0F08-325B-8AD1-EFE45E78ED14</generatorID>
<ownerDesignName>Mikroprojekt_firma_transportowa</ownerDesignName>
<use>0</use>
<logicalDatatype>LOGDT019</logicalDatatype>
<domain>68DCE070-6475-1C62-2CF9-02DD53CEDBC7</domain>
<ownDataTypeParameters>,,</ownDataTypeParameters>
<previousColumn>false</previousColumn>
<autoIncrementCycle>false</autoIncrementCycle>
<associations>
<colAssociation fkAssociation="EFD86A35-ADB9-F1D3-B53C-CC5F9ABA1A5F" referredColumn="6A79D928-06C3-5B08-C7ED-96411C7C0A7B"/>
</associations>
</Column>
<Column name="adres_ID" id="9683E97A-1A79-6722-E536-7B4D8B0691F5">
<createdBy>micha</createdBy>
<createdTime>2022-01-10 11:57:04 UTC</createdTime>
<generatorID>B7E43516-7966-3E87-0A17-630918065179</generatorID>
<ownerDesignName>Mikroprojekt_firma_transportowa</ownerDesignName>
<use>0</use>
<logicalDatatype>LOGDT019</logicalDatatype>
<domain>68DCE070-6475-1C62-2CF9-02DD53CEDBC7</domain>
<ownDataTypeParameters>,,</ownDataTypeParameters>
<previousColumn>false</previousColumn>
<autoIncrementCycle>false</autoIncrementCycle>
<associations>
<colAssociation fkAssociation="DD95EEB8-202C-7575-C401-A56DB47E1787" referredColumn="35224DBA-6480-3BBE-15F5-FA3780274F49"/>
</associations>
</Column>
<Column name="karta_ID" id="903EF284-205B-97D5-A818-8471577894B4">
<createdBy>micha</createdBy>
<createdTime>2022-01-10 11:57:04 UTC</createdTime>
<generatorID>CEE2819F-B228-11DF-DA8C-0F911755165C</generatorID>
<ownerDesignName>Mikroprojekt_firma_transportowa</ownerDesignName>
<use>0</use>
<logicalDatatype>LOGDT019</logicalDatatype>
<domain>68DCE070-6475-1C62-2CF9-02DD53CEDBC7</domain>
<ownDataTypeParameters>,,</ownDataTypeParameters>
<previousColumn>false</previousColumn>
<autoIncrementCycle>false</autoIncrementCycle>
<associations>
<colAssociation fkAssociation="A0164D6B-D434-9548-D052-5AF5638CAF64" referredColumn="EF66C31F-F956-D5AF-A2CB-AD5A0D96B035"/>
</associations>
</Column>
</columns>
<indexes itemClass="oracle.dbtools.crest.model.design.relational.Index">
<ind_PK_UK id="1788AA2E-E19A-CB66-5039-F2BE06DAF8A1" name="Klient_PK">
<createdBy>micha</createdBy>
<createdTime>2022-01-10 11:57:04 UTC</createdTime>
<generatorID>812E12A9-4282-9084-CE66-707574514FD0</generatorID>
<ownerDesignName>Mikroprojekt_firma_transportowa</ownerDesignName>
<pk>true</pk>
<indexState>Primary Constraint</indexState>
<isSurrogateKey>false</isSurrogateKey>
<indexColumnUsage>
<colUsage columnID="C307C6E4-C853-4EC3-DEE9-626F85C737B6"/>
</indexColumnUsage>
</ind_PK_UK>
<ind_PK_UK id="BAB971A6-2B39-59C3-190A-129065A08CB2" name="Klient__IDX">
<createdBy>micha</createdBy>
<createdTime>2022-01-10 11:57:04 UTC</createdTime>
<ownerDesignName>Mikroprojekt_firma_transportowa</ownerDesignName>
<indexState>Unique Plain Index</indexState>
<isSurrogateKey>false</isSurrogateKey>
<relationGeneratorID>1A76ED59-18AE-B3D1-C29F-7FED36F51B33</relationGeneratorID>
<indexColumnUsage>
<colUsage columnID="3CBF3F4B-ADF5-D895-4E0C-60422F973720"/>
</indexColumnUsage>
</ind_PK_UK>
<ind_PK_UK id="A496E5EF-D56D-000D-12E5-BDDD1D67FF17" name="Klient_Karty_znizek_FK">
<createdBy>micha</createdBy>
<createdTime>2022-01-10 11:57:04 UTC</createdTime>
<generatorID>EF9E1E01-BF46-97B5-0458-037D95A4E9F3</generatorID>
<ownerDesignName>Mikroprojekt_firma_transportowa</ownerDesignName>
<indexState>Foreign Key</indexState>
<isSurrogateKey>false</isSurrogateKey>
<indexColumnUsage>
<colUsage columnID="903EF284-205B-97D5-A818-8471577894B4"/>
</indexColumnUsage>
</ind_PK_UK>
<ind_PK_UK id="2F7F0108-DF5C-87EE-889D-6E6CF641D71A" name="Klient_Dane_osobowe_FK">
<createdBy>micha</createdBy>
<createdTime>2022-01-10 11:57:04 UTC</createdTime>
<generatorID>1A76ED59-18AE-B3D1-C29F-7FED36F51B33</generatorID>
<ownerDesignName>Mikroprojekt_firma_transportowa</ownerDesignName>
<indexState>Foreign Key</indexState>
<isSurrogateKey>false</isSurrogateKey>
<indexColumnUsage>
<colUsage columnID="3CBF3F4B-ADF5-D895-4E0C-60422F973720"/>
</indexColumnUsage>
</ind_PK_UK>
<ind_PK_UK id="FE7A112C-FA0F-95AE-FF13-8C052A94A15F" name="Klient_Adresy_FK">
<createdBy>micha</createdBy>
<createdTime>2022-01-10 11:57:04 UTC</createdTime>
<generatorID>9F2BCC1C-F713-E7A2-2631-87D5A8386411</generatorID>
<ownerDesignName>Mikroprojekt_firma_transportowa</ownerDesignName>
<indexState>Foreign Key</indexState>
<isSurrogateKey>false</isSurrogateKey>
<indexColumnUsage>
<colUsage columnID="9683E97A-1A79-6722-E536-7B4D8B0691F5"/>
</indexColumnUsage>
</ind_PK_UK>
</indexes>
</Table>