<?xml version = '1.0' encoding = 'UTF-8'?>
<relationalModel class="oracle.dbtools.crest.model.design.relational.RelationalDesign" name="Relational_1" id="447946BB-4E08-720F-9116-4BBCCA2DAB89" mainViewID="C4783334-35FF-8A4A-3D80-348B47C59471">
<createdBy>micha</createdBy>
<createdTime>2022-01-10 10:30:41 UTC</createdTime>
<ownerDesignName>Mikroprojekt_firma_transportowa</ownerDesignName>
<shouldBeOpen>false</shouldBeOpen>
<selectedRDBMSSite>32076570-2523-435C-2E92-BF29817DFF70</selectedRDBMSSite>
</relationalModel>