<?xml version = '1.0' encoding = 'UTF-8'?>
<Relation class="oracle.dbtools.crest.model.design.logical.Relation" name="Relation_11" directorySegmentName="seg_0" id="07449EF7-DC5E-0DBD-B3DA-DD15C071881D">
<createdBy>micha</createdBy>
<createdTime>2022-01-10 11:32:30 UTC</createdTime>
<ownerDesignName>Mikroprojekt_firma_transportowa</ownerDesignName>
<engineerTo>
<item key="447946BB-4E08-720F-9116-4BBCCA2DAB89" value="true"/>
</engineerTo>
<sourcePk>0A0D871A-B65C-1892-CB7E-08ABE12004B7</sourcePk>
<identifying>false</identifying>
<optionalSource>true</optionalSource>
<optionalTarget>false</optionalTarget>
<sourceCardinality>1</sourceCardinality>
<sourceEntity>DF64FE55-4D9A-5D4D-3F9F-AF4419130F01</sourceEntity>
<targetCardinalityString>*</targetCardinalityString>
<targetEntity>D3C67270-EF64-9AC7-76DC-00F974A0EBD6</targetEntity>
<transferable>true</transferable>
<deleteRule>NO ACTION</deleteRule>
</Relation>