<?xml version = '1.0' encoding = 'UTF-8'?>
<Relation class="oracle.dbtools.crest.model.design.logical.Relation" name="Relation_34" directorySegmentName="seg_0" id="69A1EB12-46A2-C147-2EBB-D53DA244045A">
<createdBy>micha</createdBy>
<createdTime>2022-01-10 11:53:48 UTC</createdTime>
<ownerDesignName>Mikroprojekt_firma_transportowa</ownerDesignName>
<engineerTo>
<item key="447946BB-4E08-720F-9116-4BBCCA2DAB89" value="true"/>
</engineerTo>
<sourcePk>812E12A9-4282-9084-CE66-707574514FD0</sourcePk>
<identifying>false</identifying>
<optionalSource>true</optionalSource>
<optionalTarget>false</optionalTarget>
<sourceCardinality>1</sourceCardinality>
<sourceEntity>5F4835B8-2968-3C6F-8371-25890C408E6E</sourceEntity>
<targetCardinalityString>*</targetCardinalityString>
<targetEntity>51F6B4A9-4DDE-8B8F-3316-0A8D580F223A</targetEntity>
<transferable>true</transferable>
<deleteRule>NO ACTION</deleteRule>
</Relation>