<?xml version = '1.0' encoding = 'UTF-8'?>
<Relation class="oracle.dbtools.crest.model.design.logical.Relation" name="Relation_35" directorySegmentName="seg_0" id="77D5563B-5146-B531-2CC3-6F4D5C55824F">
<createdBy>micha</createdBy>
<createdTime>2022-01-10 11:54:09 UTC</createdTime>
<ownerDesignName>Mikroprojekt_firma_transportowa</ownerDesignName>
<engineerTo>
<item key="447946BB-4E08-720F-9116-4BBCCA2DAB89" value="true"/>
</engineerTo>
<sourcePk>5A697448-D09F-5B42-A467-D63C89AA196D</sourcePk>
<identifying>false</identifying>
<optionalSource>true</optionalSource>
<optionalTarget>false</optionalTarget>
<sourceCardinality>1</sourceCardinality>
<sourceEntity>3EE7F1E2-B51B-B56B-7AE6-404E8D1C7A11</sourceEntity>
<targetCardinalityString>*</targetCardinalityString>
<targetEntity>51F6B4A9-4DDE-8B8F-3316-0A8D580F223A</targetEntity>
<transferable>true</transferable>
<deleteRule>NO ACTION</deleteRule>
</Relation>