<?xml version = '1.0' encoding = 'UTF-8'?>
<Relation class="oracle.dbtools.crest.model.design.logical.Relation" name="Relation_33" directorySegmentName="seg_0" id="8F602C90-38F1-453F-61C9-7C37F3D84A42">
<createdBy>micha</createdBy>
<createdTime>2022-01-10 11:50:32 UTC</createdTime>
<ownerDesignName>Mikroprojekt_firma_transportowa</ownerDesignName>
<engineerTo>
<item key="447946BB-4E08-720F-9116-4BBCCA2DAB89" value="true"/>
</engineerTo>
<sourcePk>261C596E-C3A4-558D-4E1A-50C20A00572D</sourcePk>
<identifying>false</identifying>
<optionalSource>true</optionalSource>
<optionalTarget>false</optionalTarget>
<sourceCardinality>1</sourceCardinality>
<sourceEntity>E6C7F4CA-2C9E-768F-4DA4-17A5576EC8C3</sourceEntity>
<targetCardinalityString>1</targetCardinalityString>
<targetEntity>F379A594-D85E-F7D2-BC4D-130628386742</targetEntity>
<transferable>true</transferable>
<deleteRule>NO ACTION</deleteRule>
</Relation>