<?xml version = '1.0' encoding = 'UTF-8'?>
<Relation class="oracle.dbtools.crest.model.design.logical.Relation" name="Relation_20" directorySegmentName="seg_0" id="96256F31-759C-C42B-B990-AB1B3B9E2819">
<createdBy>micha</createdBy>
<createdTime>2022-01-10 11:41:38 UTC</createdTime>
<ownerDesignName>Mikroprojekt_firma_transportowa</ownerDesignName>
<engineerTo>
<item key="447946BB-4E08-720F-9116-4BBCCA2DAB89" value="true"/>
</engineerTo>
<sourcePk>CFEFACA7-A9AF-B676-F99F-943B5B218ABE</sourcePk>
<identifying>false</identifying>
<optionalSource>true</optionalSource>
<optionalTarget>false</optionalTarget>
<sourceCardinality>1</sourceCardinality>
<sourceEntity>0C435419-8FC8-03C7-A0CE-6D49D8910ACE</sourceEntity>
<targetCardinalityString>*</targetCardinalityString>
<targetEntity>3EE7F1E2-B51B-B56B-7AE6-404E8D1C7A11</targetEntity>
<transferable>true</transferable>
<deleteRule>NO ACTION</deleteRule>
</Relation>