<?xml version = '1.0' encoding = 'UTF-8'?>
<Relation class="oracle.dbtools.crest.model.design.logical.Relation" name="Relation_23" directorySegmentName="seg_0" id="B4540487-D21D-47F8-51C5-B95C5AFBF8AA">
<createdBy>micha</createdBy>
<createdTime>2022-01-17 16:05:16 UTC</createdTime>
<ownerDesignName>Mikroprojekt_firma_transportowa</ownerDesignName>
<engineerTo>
<item key="447946BB-4E08-720F-9116-4BBCCA2DAB89" value="true"/>
</engineerTo>
<sourcePk>CFEFACA7-A9AF-B676-F99F-943B5B218ABE</sourcePk>
<identifying>false</identifying>
<optionalSource>true</optionalSource>
<optionalTarget>false</optionalTarget>
<sourceCardinality>1</sourceCardinality>
<sourceEntity>0C435419-8FC8-03C7-A0CE-6D49D8910ACE</sourceEntity>
<targetCardinalityString>*</targetCardinalityString>
<targetEntity>F379A594-D85E-F7D2-BC4D-130628386742</targetEntity>
<transferable>true</transferable>
<deleteRule>NO ACTION</deleteRule>
</Relation>