<?xml version = '1.0' encoding = 'UTF-8'?>
<DatamodelerPersistedDDLSelection designName="Mikroprojekt_firma_transportowa" objectID="E8B13702-FCB5-22C1-E221-64CBBAB32564">
   <IncludeComments isSelected="false"/>
   <applyNameSubstitution isSelected="false"/>
   <generateDDLInFiles isSelected="false"/>
   <generateRESTServices isSelected="false"/>
   <activeScriptSetCBIndex selectedIndex="1"/>
   <oracle.dbtools.crest.model.design.relational.RelationalDesign objectID="447946BB-4E08-720F-9116-4BBCCA2DAB89">
      <object objectID="500A789E-1A81-886A-4F0C-3B767A264D3C" markedGenerate="true"/>
      <object objectID="8E561B46-0FA3-D04F-C671-757D45F2501E" markedGenerate="true"/>
      <object objectID="8D2816EE-AD3A-EA7C-5ED7-FFFD928B99E8" markedGenerate="true"/>
      <object objectID="A149DE43-3E28-A4FB-BB6F-A67CB1ACB19F" markedGenerate="true"/>
      <object objectID="DBE0AFCD-BD05-C333-D14B-BDFE8D35B3CE" markedGenerate="true"/>
      <object objectID="4209A410-BA40-C55F-7B10-4FA4D9602591" markedGenerate="true"/>
      <object objectID="5E9B4FC3-99AC-8D67-4E17-C26A0892A63C" markedGenerate="true"/>
      <object objectID="445F87C1-9B4A-4052-3832-6A18CCE9F533" markedGenerate="true"/>
      <object objectID="CD693996-6CC3-CD1F-0B51-4D3F8C0A5A47" markedGenerate="true"/>
      <object objectID="C4728F35-C991-18F6-8B9B-C19CEB7A3812" markedGenerate="true"/>
      <object objectID="EDF37AC3-136E-B36B-79A5-0EC891B1EC38" markedGenerate="true"/>
      <object objectID="618E8DD8-F763-0EC2-0F44-C9D9FE0DC0E0" markedGenerate="true"/>
      <object objectID="C436BEF4-E43B-8109-6D63-3F42277186DE" markedGenerate="true"/>
      <object objectID="4794CF8D-9EE1-710B-3598-B585222B2842" markedGenerate="true"/>
      <object objectID="265D54EC-874A-73E6-A03C-FC8428DD1C68" markedGenerate="true"/>
      <object objectID="B565C40C-BA00-AF45-47FE-2284A1CDDA94" markedGenerate="true"/>
      <object objectID="1788AA2E-E19A-CB66-5039-F2BE06DAF8A1" markedGenerate="true"/>
      <object objectID="9FD7ED9E-879A-F4DD-C273-B1797D4B309B" markedGenerate="true"/>
      <object objectID="FF0B9A91-F9AA-F949-633C-71BFDDABC79C" markedGenerate="true"/>
      <object objectID="4CA9F4D8-F1DB-BD6F-A552-D8741A4E15E2" markedGenerate="true"/>
      <object objectID="F49D7898-FA5D-9111-6DE2-66D1E044ED35" markedGenerate="true"/>
      <object objectID="5CC887DF-14D6-D625-91C6-901060979DAD" markedGenerate="true"/>
      <object objectID="2FC649CE-1230-6796-4E2F-B733E5B3AF91" markedGenerate="true"/>
      <object objectID="EC23ACB9-E615-8E90-41F0-860F5133816D" markedGenerate="true"/>
      <object objectID="01EA2D83-FCA7-0ED0-DD46-97F389D73ADD" markedGenerate="true"/>
      <object objectID="DE87CC62-9838-71E5-58D5-954C65B3A8AB" markedGenerate="true"/>
      <object objectID="FE7A112C-FA0F-95AE-FF13-8C052A94A15F" markedGenerate="true"/>
      <object objectID="2F7F0108-DF5C-87EE-889D-6E6CF641D71A" markedGenerate="true"/>
      <object objectID="A496E5EF-D56D-000D-12E5-BDDD1D67FF17" markedGenerate="true"/>
      <object objectID="583E98F1-1130-8A39-830F-2D78768BE417" markedGenerate="true"/>
      <object objectID="5D476D5A-83E9-68EF-13FC-D5947D621D39" markedGenerate="true"/>
      <object objectID="F9123A51-963A-18F6-F1EE-87BD8A1B487F" markedGenerate="true"/>
      <object objectID="76FE324B-FA59-AEE0-6F90-A625A86F0474" markedGenerate="true"/>
      <object objectID="AA519BED-A3E8-674A-C95D-465F2D3AA52E" markedGenerate="true"/>
      <object objectID="66B29A4B-7B80-2EF5-384E-6E2D4F088D68" markedGenerate="true"/>
      <object objectID="FFE2C8CB-9187-1F33-501F-A878B20F88E4" markedGenerate="true"/>
      <object objectID="0D4B86E0-EDFC-AF01-A8D0-C64B3A2DF528" markedGenerate="true"/>
      <object objectID="9A001116-5A5F-C387-179B-88D14F261DF8" markedGenerate="true"/>
      <object objectID="F8318C3E-820A-51E2-B451-9C50C4325164" markedGenerate="true"/>
      <object objectID="CC9F3AD1-5BFC-789A-963B-7F3238856220" markedGenerate="true"/>
      <object objectID="47E390DE-0671-C4B1-8428-0F45CBEE18F8" markedGenerate="true"/>
      <object objectID="F72C39E0-D1CA-8821-2AD7-A1E95A37D3D1" markedGenerate="true"/>
   </oracle.dbtools.crest.model.design.relational.RelationalDesign>
   <includeTableScripts/>
   <namesSubstitution/>
   <objectTypes>
      <objectType isSelected="false" type="Index"/>
      <objectType isSelected="false" type="Role"/>
      <objectType isSelected="false" type="Table"/>
      <objectType isSelected="false" type="Tablespace"/>
      <objectType isSelected="false" type="User"/>
   </objectTypes>
   <OSDDM_DDLPP>
      <db2_term_char db2_term_char=" "/>
      <type_subst_triggers isSelected="true"/>
      <fkarct_triggers isSelected="true"/>
      <fk_none_transferable_triggers isSelected="true"/>
      <show_char_byte_in_ddl isSelected="true"/>
      <extended_size_for_chars isSelected="false"/>
      <not_null_short_form_generation isSelected="false"/>
      <use_quoted_identifiers isSelected="false"/>
      <create_domains_during_import isSelected="true"/>
      <generate_comments_in_rdbms isSelected="true"/>
      <generate_inline_column_cc isSelected="false"/>
      <generate_valid_value_cc isSelected="true"/>
      <include_default_settings_in_ddl isSelected="false"/>
      <include_logging_in_ddl isSelected="true"/>
      <include_schema_in_ddl isSelected="true"/>
      <include_storage_in_ddl isSelected="true"/>
      <include_tablespace_in_ddl isSelected="true"/>
      <automatic_pk_generation isSelected="false"/>
      <automatic_uk_generation isSelected="false"/>
      <automatic_fk_generation isSelected="false"/>
      <include_pctfree_in_ddl isSelected="true"/>
      <include_pctused_in_ddl isSelected="true"/>
      <include_initrans_in_ddl isSelected="true"/>
      <include_initialextent_in_ddl isSelected="true"/>
      <include_nextextent_in_ddl isSelected="true"/>
      <include_minextents_in_ddl isSelected="true"/>
      <include_maxextents_in_ddl isSelected="true"/>
      <include_pctincrease_in_ddl isSelected="true"/>
      <include_bufferpool_in_ddl isSelected="true"/>
      <include_freelists_in_ddl isSelected="true"/>
      <include_freelistgroups_in_ddl isSelected="true"/>
      <include_optimal_in_ddl isSelected="true"/>
   </OSDDM_DDLPP>
   <dropSelection>
      <dropGeneratedObjectsOnly isSelected="true"/>
      <useDropDependencies isSelected="true"/>
      <dropableObject name="Tables" isSelected="false"/>
      <dropableObject name="Indexes" isSelected="false"/>
      <dropableObject name="Views" isSelected="false"/>
      <dropableObject name="Foreign Keys" isSelected="false"/>
   </dropSelection>
</DatamodelerPersistedDDLSelection>
