<?xml version = '1.0' encoding = 'UTF-8'?>
<Entity class="oracle.dbtools.crest.model.design.logical.Entity" directorySegmentName="seg_0" id="3D41A267-923A-4759-86DB-06C3CA4623D3" name="Dane_osobowe">
<createdBy>micha</createdBy>
<createdTime>2022-01-10 10:31:50 UTC</createdTime>
<ownerDesignName>Mikroprojekt_firma_transportowa</ownerDesignName>
<engineerTo>
<item key="447946BB-4E08-720F-9116-4BBCCA2DAB89" value="true"/>
</engineerTo>
<adequatelyNormalized>NO</adequatelyNormalized>
<expectedVolumes>0</expectedVolumes>
<fwdEngineeringStrategyName>Single Table</fwdEngineeringStrategyName>
<growthPercent>0</growthPercent>
<growthType>Year</growthType>
<maxVolumes>9999999</maxVolumes>
<minVolumes>0</minVolumes>
<normalForm>Third</normalForm>
<attributes itemClass="oracle.dbtools.crest.model.design.logical.Attribute">
<Attribute name="dane_ID" id="5A3A7F58-3E2E-E4B8-F2F3-C77183FC03B3">
<createdBy>micha</createdBy>
<createdTime>2022-01-10 10:31:50 UTC</createdTime>
<ownerDesignName>Mikroprojekt_firma_transportowa</ownerDesignName>
<importedID>B6047757-DA0B-5D61-07DF-B17E08E1A59E</importedID>
<engineerTo>
<item key="447946BB-4E08-720F-9116-4BBCCA2DAB89" value="true"/>
</engineerTo>
<use>0</use>
<logicalDatatype>LOGDT019</logicalDatatype>
<domain>68DCE070-6475-1C62-2CF9-02DD53CEDBC7</domain>
<ownDataTypeParameters>,,</ownDataTypeParameters>
</Attribute>
<Attribute name="Imie" id="7F04E862-AFC5-DDA1-DB32-7314C020F3AA">
<createdBy>micha</createdBy>
<createdTime>2022-01-10 10:31:50 UTC</createdTime>
<ownerDesignName>Mikroprojekt_firma_transportowa</ownerDesignName>
<importedID>340EA0C2-B980-78BE-4CC8-74D38812C86B</importedID>
<engineerTo>
<item key="447946BB-4E08-720F-9116-4BBCCA2DAB89" value="true"/>
</engineerTo>
<useDomainConstraints>false</useDomainConstraints>
<use>1</use>
<logicalDatatype>LOGDT024</logicalDatatype>
<dataTypeSize>20</dataTypeSize>
<ownDataTypeParameters>20,,</ownDataTypeParameters>
</Attribute>
<Attribute name="Nazwisko" id="95FE0914-CF38-0D49-018A-8BF38ACBB1DA">
<createdBy>micha</createdBy>
<createdTime>2022-01-10 10:31:50 UTC</createdTime>
<ownerDesignName>Mikroprojekt_firma_transportowa</ownerDesignName>
<importedID>0000561F-18C9-C3E3-A8A7-16EDB174E9FE</importedID>
<engineerTo>
<item key="447946BB-4E08-720F-9116-4BBCCA2DAB89" value="true"/>
</engineerTo>
<useDomainConstraints>false</useDomainConstraints>
<use>1</use>
<logicalDatatype>LOGDT024</logicalDatatype>
<dataTypeSize>30</dataTypeSize>
<ownDataTypeParameters>30,,</ownDataTypeParameters>
</Attribute>
<Attribute name="telefon" id="1ED90CF5-B1E9-4C28-E834-627935A01AE5">
<createdBy>micha</createdBy>
<createdTime>2022-01-10 10:31:50 UTC</createdTime>
<ownerDesignName>Mikroprojekt_firma_transportowa</ownerDesignName>
<importedID>4CD5132D-B286-6182-3FA2-19243D884A6D</importedID>
<engineerTo>
<item key="447946BB-4E08-720F-9116-4BBCCA2DAB89" value="true"/>
</engineerTo>
<useDomainConstraints>false</useDomainConstraints>
<use>1</use>
<logicalDatatype>LOGDT019</logicalDatatype>
<dataTypePrecision>15</dataTypePrecision>
<ownDataTypeParameters>,15,</ownDataTypeParameters>
</Attribute>
<Attribute name="email" id="28933EEF-1EFD-39C8-0A30-8D17764A5BE2">
<createdBy>micha</createdBy>
<createdTime>2022-01-10 10:31:50 UTC</createdTime>
<ownerDesignName>Mikroprojekt_firma_transportowa</ownerDesignName>
<importedID>8A4981D7-5664-4831-C622-3A5460E9C445</importedID>
<engineerTo>
<item key="447946BB-4E08-720F-9116-4BBCCA2DAB89" value="true"/>
</engineerTo>
<nullsAllowed>true</nullsAllowed>
<useDomainConstraints>false</useDomainConstraints>
<use>1</use>
<logicalDatatype>LOGDT024</logicalDatatype>
<dataTypeSize>40</dataTypeSize>
<ownDataTypeParameters>40,,</ownDataTypeParameters>
</Attribute>
</attributes>
<identifiers itemClass="oracle.dbtools.crest.model.design.logical.CandidateKey">
<identifier id="3370B319-8E15-03FF-B5E1-3B35BB8AB92B" name="Dane_osobowe PK">
<createdBy>micha</createdBy>
<createdTime>2022-01-10 10:31:50 UTC</createdTime>
<ownerDesignName>Mikroprojekt_firma_transportowa</ownerDesignName>
<engineerTo>
<item key="447946BB-4E08-720F-9116-4BBCCA2DAB89" value="true"/>
</engineerTo>
<pk>true</pk>
<usedAttributes>
<attributeRef>5A3A7F58-3E2E-E4B8-F2F3-C77183FC03B3</attributeRef>
</usedAttributes>
</identifier>
</identifiers>
</Entity>