<?xml version = '1.0' encoding = 'UTF-8'?>
<Entity class="oracle.dbtools.crest.model.design.logical.Entity" directorySegmentName="seg_0" id="5F4835B8-2968-3C6F-8371-25890C408E6E" name="Klient">
<createdBy>micha</createdBy>
<createdTime>2022-01-10 10:31:59 UTC</createdTime>
<ownerDesignName>Mikroprojekt_firma_transportowa</ownerDesignName>
<engineerTo>
<item key="447946BB-4E08-720F-9116-4BBCCA2DAB89" value="true"/>
</engineerTo>
<adequatelyNormalized>NO</adequatelyNormalized>
<expectedVolumes>0</expectedVolumes>
<fwdEngineeringStrategyName>Single Table</fwdEngineeringStrategyName>
<growthPercent>0</growthPercent>
<growthType>Year</growthType>
<maxVolumes>9999999</maxVolumes>
<minVolumes>0</minVolumes>
<normalForm>Third</normalForm>
<attributes itemClass="oracle.dbtools.crest.model.design.logical.Attribute">
<Attribute name="Klient_ID" id="BAE2B782-6476-18C0-16A0-052B90D1C957">
<createdBy>micha</createdBy>
<createdTime>2022-01-10 10:31:59 UTC</createdTime>
<ownerDesignName>Mikroprojekt_firma_transportowa</ownerDesignName>
<importedID>389C08A2-BFD1-E5C9-1EE2-31DC6B8C3C1D</importedID>
<engineerTo>
<item key="447946BB-4E08-720F-9116-4BBCCA2DAB89" value="true"/>
</engineerTo>
<use>0</use>
<logicalDatatype>LOGDT019</logicalDatatype>
<domain>68DCE070-6475-1C62-2CF9-02DD53CEDBC7</domain>
<ownDataTypeParameters>,,</ownDataTypeParameters>
</Attribute>
<Attribute name="adres_ID" id="B7E43516-7966-3E87-0A17-630918065179">
<createdBy>micha</createdBy>
<createdTime>2022-01-10 11:30:43 UTC</createdTime>
<generatorID>9F2BCC1C-F713-E7A2-2631-87D5A8386411</generatorID>
<ownerDesignName>Mikroprojekt_firma_transportowa</ownerDesignName>
<engineerTo>
<item key="447946BB-4E08-720F-9116-4BBCCA2DAB89" value="true"/>
</engineerTo>
<referedAttribute>B76220DB-C0C7-C148-0A77-244039FBD7D5</referedAttribute>
<use>0</use>
<logicalDatatype>LOGDT019</logicalDatatype>
<domain>68DCE070-6475-1C62-2CF9-02DD53CEDBC7</domain>
<ownDataTypeParameters>,,</ownDataTypeParameters>
</Attribute>
<Attribute name="dane_ID" id="029B910D-0F08-325B-8AD1-EFE45E78ED14">
<createdBy>micha</createdBy>
<createdTime>2022-01-10 11:28:51 UTC</createdTime>
<generatorID>1A76ED59-18AE-B3D1-C29F-7FED36F51B33</generatorID>
<ownerDesignName>Mikroprojekt_firma_transportowa</ownerDesignName>
<engineerTo>
<item key="447946BB-4E08-720F-9116-4BBCCA2DAB89" value="true"/>
</engineerTo>
<referedAttribute>5A3A7F58-3E2E-E4B8-F2F3-C77183FC03B3</referedAttribute>
<use>0</use>
<logicalDatatype>LOGDT019</logicalDatatype>
<domain>68DCE070-6475-1C62-2CF9-02DD53CEDBC7</domain>
<ownDataTypeParameters>,,</ownDataTypeParameters>
</Attribute>
<Attribute name="karta_ID" id="CEE2819F-B228-11DF-DA8C-0F911755165C">
<createdBy>micha</createdBy>
<createdTime>2022-01-10 11:40:06 UTC</createdTime>
<generatorID>EF9E1E01-BF46-97B5-0458-037D95A4E9F3</generatorID>
<ownerDesignName>Mikroprojekt_firma_transportowa</ownerDesignName>
<engineerTo>
<item key="447946BB-4E08-720F-9116-4BBCCA2DAB89" value="true"/>
</engineerTo>
<referedAttribute>9CFDC7D5-8D55-07D6-0950-E2EE28242E6F</referedAttribute>
<use>0</use>
<logicalDatatype>LOGDT019</logicalDatatype>
<domain>68DCE070-6475-1C62-2CF9-02DD53CEDBC7</domain>
<ownDataTypeParameters>,,</ownDataTypeParameters>
</Attribute>
</attributes>
<identifiers itemClass="oracle.dbtools.crest.model.design.logical.CandidateKey">
<identifier id="812E12A9-4282-9084-CE66-707574514FD0" name="Czytelnik PK">
<createdBy>micha</createdBy>
<createdTime>2022-01-10 10:31:59 UTC</createdTime>
<ownerDesignName>Mikroprojekt_firma_transportowa</ownerDesignName>
<shouldEngineer>false</shouldEngineer>
<engineerTo>
<item key="447946BB-4E08-720F-9116-4BBCCA2DAB89" value="false"/>
</engineerTo>
<pk>true</pk>
<usedAttributes>
<attributeRef>BAE2B782-6476-18C0-16A0-052B90D1C957</attributeRef>
</usedAttributes>
</identifier>
</identifiers>
</Entity>