<?xml version = '1.0' encoding = 'UTF-8'?>
<Entity class="oracle.dbtools.crest.model.design.logical.Entity" directorySegmentName="seg_0" id="D3C67270-EF64-9AC7-76DC-00F974A0EBD6" name="Pracownik">
<createdBy>micha</createdBy>
<createdTime>2022-01-10 10:32:03 UTC</createdTime>
<ownerDesignName>Mikroprojekt_firma_transportowa</ownerDesignName>
<engineerTo>
<item key="447946BB-4E08-720F-9116-4BBCCA2DAB89" value="true"/>
</engineerTo>
<adequatelyNormalized>NO</adequatelyNormalized>
<expectedVolumes>0</expectedVolumes>
<fwdEngineeringStrategyName>Single Table</fwdEngineeringStrategyName>
<growthPercent>0</growthPercent>
<growthType>Year</growthType>
<maxVolumes>9999999</maxVolumes>
<minVolumes>0</minVolumes>
<normalForm>Third</normalForm>
<attributes itemClass="oracle.dbtools.crest.model.design.logical.Attribute">
<Attribute name="Pracownik_ID" id="E72E8577-62BC-2BC6-0D03-1D8169B2910C">
<createdBy>micha</createdBy>
<createdTime>2022-01-10 10:32:03 UTC</createdTime>
<ownerDesignName>Mikroprojekt_firma_transportowa</ownerDesignName>
<importedID>D736E729-3632-8300-95EA-7D7FF1F6C30E</importedID>
<engineerTo>
<item key="447946BB-4E08-720F-9116-4BBCCA2DAB89" value="true"/>
</engineerTo>
<use>0</use>
<logicalDatatype>LOGDT019</logicalDatatype>
<domain>68DCE070-6475-1C62-2CF9-02DD53CEDBC7</domain>
<ownDataTypeParameters>,,</ownDataTypeParameters>
</Attribute>
<Attribute name="adres_ID" id="FAA54B5E-A9CB-F63D-AB25-2A92DABE7807">
<createdBy>micha</createdBy>
<createdTime>2022-01-10 11:32:30 UTC</createdTime>
<generatorID>07449EF7-DC5E-0DBD-B3DA-DD15C071881D</generatorID>
<ownerDesignName>Mikroprojekt_firma_transportowa</ownerDesignName>
<engineerTo>
<item key="447946BB-4E08-720F-9116-4BBCCA2DAB89" value="true"/>
</engineerTo>
<referedAttribute>B76220DB-C0C7-C148-0A77-244039FBD7D5</referedAttribute>
<use>0</use>
<logicalDatatype>LOGDT019</logicalDatatype>
<domain>68DCE070-6475-1C62-2CF9-02DD53CEDBC7</domain>
<ownDataTypeParameters>,,</ownDataTypeParameters>
</Attribute>
<Attribute name="dane_ID" id="417B37AC-59D8-1659-A812-C7F20C531921">
<createdBy>micha</createdBy>
<createdTime>2022-01-10 11:31:54 UTC</createdTime>
<generatorID>BAC2A1C0-4778-D00B-E30A-4B9C8208362B</generatorID>
<ownerDesignName>Mikroprojekt_firma_transportowa</ownerDesignName>
<engineerTo>
<item key="447946BB-4E08-720F-9116-4BBCCA2DAB89" value="true"/>
</engineerTo>
<referedAttribute>5A3A7F58-3E2E-E4B8-F2F3-C77183FC03B3</referedAttribute>
<use>0</use>
<logicalDatatype>LOGDT019</logicalDatatype>
<domain>68DCE070-6475-1C62-2CF9-02DD53CEDBC7</domain>
<ownDataTypeParameters>,,</ownDataTypeParameters>
</Attribute>
<Attribute name="wyksztalcenie_ID" id="17A5CE8E-B125-0C29-B4A5-7C6F634C48BC">
<createdBy>micha</createdBy>
<createdTime>2022-01-10 11:32:44 UTC</createdTime>
<generatorID>1F120EB6-1105-A9D9-04FA-809B4B0E8133</generatorID>
<ownerDesignName>Mikroprojekt_firma_transportowa</ownerDesignName>
<engineerTo>
<item key="447946BB-4E08-720F-9116-4BBCCA2DAB89" value="true"/>
</engineerTo>
<referedAttribute>BB645DF5-AFA2-158D-F59C-3998CD1BEAF9</referedAttribute>
<use>0</use>
<logicalDatatype>LOGDT019</logicalDatatype>
<domain>68DCE070-6475-1C62-2CF9-02DD53CEDBC7</domain>
<ownDataTypeParameters>,,</ownDataTypeParameters>
</Attribute>
<Attribute name="stanowisko" id="3FE2B1EB-F251-12D1-A522-2F4A066C2395">
<createdBy>micha</createdBy>
<createdTime>2022-01-10 10:32:03 UTC</createdTime>
<ownerDesignName>Mikroprojekt_firma_transportowa</ownerDesignName>
<importedID>DC2B9F53-6E6F-E15E-06A6-1505CAC42EF1</importedID>
<engineerTo>
<item key="447946BB-4E08-720F-9116-4BBCCA2DAB89" value="true"/>
</engineerTo>
<nullsAllowed>true</nullsAllowed>
<useDomainConstraints>false</useDomainConstraints>
<use>1</use>
<logicalDatatype>LOGDT024</logicalDatatype>
<dataTypeSize>35</dataTypeSize>
<ownDataTypeParameters>35,,</ownDataTypeParameters>
</Attribute>
<Attribute name="pensja" id="C9FEE2AE-5F27-F526-8B0C-47CE3F97F624">
<createdBy>micha</createdBy>
<createdTime>2022-01-17 14:03:08 UTC</createdTime>
<ownerDesignName>Mikroprojekt_firma_transportowa</ownerDesignName>
<engineerTo>
<item key="447946BB-4E08-720F-9116-4BBCCA2DAB89" value="true"/>
</engineerTo>
<useDomainConstraints>false</useDomainConstraints>
<use>1</use>
<logicalDatatype>LOGDT019</logicalDatatype>
<ownDataTypeParameters>,,</ownDataTypeParameters>
</Attribute>
</attributes>
<identifiers itemClass="oracle.dbtools.crest.model.design.logical.CandidateKey">
<identifier id="47066AEC-52BA-E88E-A822-6D7B3FCE71E9" name="Bibliotekarz PK">
<createdBy>micha</createdBy>
<createdTime>2022-01-10 10:32:03 UTC</createdTime>
<ownerDesignName>Mikroprojekt_firma_transportowa</ownerDesignName>
<engineerTo>
<item key="447946BB-4E08-720F-9116-4BBCCA2DAB89" value="true"/>
</engineerTo>
<pk>true</pk>
<usedAttributes>
<attributeRef>E72E8577-62BC-2BC6-0D03-1D8169B2910C</attributeRef>
</usedAttributes>
</identifier>
</identifiers>
</Entity>