<?xml version = '1.0' encoding = 'UTF-8'?>
<Entity class="oracle.dbtools.crest.model.design.logical.Entity" directorySegmentName="seg_0" id="DF64FE55-4D9A-5D4D-3F9F-AF4419130F01" name="Adresy">
<createdBy>micha</createdBy>
<createdTime>2022-01-10 10:31:54 UTC</createdTime>
<ownerDesignName>Mikroprojekt_firma_transportowa</ownerDesignName>
<engineerTo>
<item key="447946BB-4E08-720F-9116-4BBCCA2DAB89" value="true"/>
</engineerTo>
<adequatelyNormalized>NO</adequatelyNormalized>
<expectedVolumes>0</expectedVolumes>
<fwdEngineeringStrategyName>Single Table</fwdEngineeringStrategyName>
<growthPercent>0</growthPercent>
<growthType>Year</growthType>
<maxVolumes>9999999</maxVolumes>
<minVolumes>0</minVolumes>
<normalForm>Third</normalForm>
<attributes itemClass="oracle.dbtools.crest.model.design.logical.Attribute">
<Attribute name="adres_ID" id="B76220DB-C0C7-C148-0A77-244039FBD7D5">
<createdBy>micha</createdBy>
<createdTime>2022-01-10 10:31:54 UTC</createdTime>
<ownerDesignName>Mikroprojekt_firma_transportowa</ownerDesignName>
<importedID>2DA225AC-25EA-E689-3750-4BA5B3B87E35</importedID>
<engineerTo>
<item key="447946BB-4E08-720F-9116-4BBCCA2DAB89" value="true"/>
</engineerTo>
<use>0</use>
<logicalDatatype>LOGDT019</logicalDatatype>
<domain>68DCE070-6475-1C62-2CF9-02DD53CEDBC7</domain>
<ownDataTypeParameters>,,</ownDataTypeParameters>
</Attribute>
<Attribute name="Miasto" id="D7005932-8D8F-6212-4927-C857AB68414B">
<createdBy>micha</createdBy>
<createdTime>2022-01-10 10:31:54 UTC</createdTime>
<ownerDesignName>Mikroprojekt_firma_transportowa</ownerDesignName>
<importedID>0736B199-636C-7D61-93BF-4B6541AB81A6</importedID>
<engineerTo>
<item key="447946BB-4E08-720F-9116-4BBCCA2DAB89" value="true"/>
</engineerTo>
<useDomainConstraints>false</useDomainConstraints>
<use>1</use>
<logicalDatatype>LOGDT024</logicalDatatype>
<dataTypeSize>30</dataTypeSize>
<ownDataTypeParameters>30,,</ownDataTypeParameters>
</Attribute>
<Attribute name="Kod_pocztowy" id="0D4A123C-1F63-B075-A612-D4459F4AB437">
<createdBy>micha</createdBy>
<createdTime>2022-01-10 10:31:54 UTC</createdTime>
<ownerDesignName>Mikroprojekt_firma_transportowa</ownerDesignName>
<importedID>786F3DED-D422-4819-5B3E-E9E653695349</importedID>
<engineerTo>
<item key="447946BB-4E08-720F-9116-4BBCCA2DAB89" value="true"/>
</engineerTo>
<useDomainConstraints>false</useDomainConstraints>
<use>1</use>
<logicalDatatype>LOGDT024</logicalDatatype>
<dataTypeSize>6</dataTypeSize>
<ownDataTypeParameters>6,,</ownDataTypeParameters>
</Attribute>
<Attribute name="Wojewodztwo" id="5B577DE0-064A-C35A-EB66-960429237DCB">
<createdBy>micha</createdBy>
<createdTime>2022-01-10 10:31:54 UTC</createdTime>
<ownerDesignName>Mikroprojekt_firma_transportowa</ownerDesignName>
<importedID>BC7F2F62-17D4-5962-7CF1-D85B9238684E</importedID>
<engineerTo>
<item key="447946BB-4E08-720F-9116-4BBCCA2DAB89" value="true"/>
</engineerTo>
<nullsAllowed>true</nullsAllowed>
<useDomainConstraints>false</useDomainConstraints>
<use>1</use>
<logicalDatatype>LOGDT024</logicalDatatype>
<dataTypeSize>30</dataTypeSize>
<ownDataTypeParameters>30,,</ownDataTypeParameters>
</Attribute>
<Attribute name="Ulica" id="FB3BCB5B-AA1C-1429-3EA9-4D0D29A22AF4">
<createdBy>micha</createdBy>
<createdTime>2022-01-10 10:31:54 UTC</createdTime>
<ownerDesignName>Mikroprojekt_firma_transportowa</ownerDesignName>
<importedID>84972212-90D1-F739-910A-B5231286B04A</importedID>
<engineerTo>
<item key="447946BB-4E08-720F-9116-4BBCCA2DAB89" value="true"/>
</engineerTo>
<useDomainConstraints>false</useDomainConstraints>
<use>1</use>
<logicalDatatype>LOGDT024</logicalDatatype>
<dataTypeSize>50</dataTypeSize>
<ownDataTypeParameters>50,,</ownDataTypeParameters>
</Attribute>
<Attribute name="nr_domu" id="D458BF19-9193-8B5C-D41B-D204391F4A31">
<createdBy>micha</createdBy>
<createdTime>2022-01-10 10:31:54 UTC</createdTime>
<ownerDesignName>Mikroprojekt_firma_transportowa</ownerDesignName>
<importedID>2029CCDA-9AAE-CD21-F680-03353817E5F3</importedID>
<engineerTo>
<item key="447946BB-4E08-720F-9116-4BBCCA2DAB89" value="true"/>
</engineerTo>
<useDomainConstraints>false</useDomainConstraints>
<use>1</use>
<logicalDatatype>LOGDT019</logicalDatatype>
<dataTypePrecision>5</dataTypePrecision>
<ownDataTypeParameters>,5,</ownDataTypeParameters>
</Attribute>
</attributes>
<identifiers itemClass="oracle.dbtools.crest.model.design.logical.CandidateKey">
<identifier id="0A0D871A-B65C-1892-CB7E-08ABE12004B7" name="Adres PK">
<createdBy>micha</createdBy>
<createdTime>2022-01-10 10:31:54 UTC</createdTime>
<ownerDesignName>Mikroprojekt_firma_transportowa</ownerDesignName>
<shouldEngineer>false</shouldEngineer>
<engineerTo>
<item key="447946BB-4E08-720F-9116-4BBCCA2DAB89" value="false"/>
</engineerTo>
<pk>true</pk>
<usedAttributes>
<attributeRef>B76220DB-C0C7-C148-0A77-244039FBD7D5</attributeRef>
</usedAttributes>
</identifier>
</identifiers>
</Entity>