<?xml version = '1.0' encoding = 'UTF-8'?>
<Entity class="oracle.dbtools.crest.model.design.logical.Entity" directorySegmentName="seg_0" id="E5283BD2-8C00-8BCB-D8B1-F9607756B430" name="Karty_znizek">
<createdBy>micha</createdBy>
<createdTime>2022-01-10 10:32:22 UTC</createdTime>
<ownerDesignName>Mikroprojekt_firma_transportowa</ownerDesignName>
<engineerTo>
<item key="447946BB-4E08-720F-9116-4BBCCA2DAB89" value="true"/>
</engineerTo>
<adequatelyNormalized>NO</adequatelyNormalized>
<expectedVolumes>0</expectedVolumes>
<fwdEngineeringStrategyName>Single Table</fwdEngineeringStrategyName>
<growthPercent>0</growthPercent>
<growthType>Year</growthType>
<maxVolumes>9999999</maxVolumes>
<minVolumes>0</minVolumes>
<normalForm>Third</normalForm>
<attributes itemClass="oracle.dbtools.crest.model.design.logical.Attribute">
<Attribute name="karta_ID" id="9CFDC7D5-8D55-07D6-0950-E2EE28242E6F">
<createdBy>micha</createdBy>
<createdTime>2022-01-10 10:32:22 UTC</createdTime>
<ownerDesignName>Mikroprojekt_firma_transportowa</ownerDesignName>
<importedID>2580F3AF-CB8B-A349-16FC-F7F5DD75EAB2</importedID>
<engineerTo>
<item key="447946BB-4E08-720F-9116-4BBCCA2DAB89" value="true"/>
</engineerTo>
<use>0</use>
<logicalDatatype>LOGDT019</logicalDatatype>
<domain>68DCE070-6475-1C62-2CF9-02DD53CEDBC7</domain>
<ownDataTypeParameters>,,</ownDataTypeParameters>
</Attribute>
<Attribute name="typ_karty" id="EA24C00B-049A-FCB3-9FB4-9350CD16EE36">
<createdBy>micha</createdBy>
<createdTime>2022-01-10 10:32:22 UTC</createdTime>
<ownerDesignName>Mikroprojekt_firma_transportowa</ownerDesignName>
<importedID>27DC9C24-2E8C-8015-C685-CEE480D505ED</importedID>
<engineerTo>
<item key="447946BB-4E08-720F-9116-4BBCCA2DAB89" value="true"/>
</engineerTo>
<useDomainConstraints>false</useDomainConstraints>
<use>1</use>
<logicalDatatype>LOGDT024</logicalDatatype>
<dataTypeSize>20</dataTypeSize>
<ownDataTypeParameters>20,,</ownDataTypeParameters>
</Attribute>
<Attribute name="znizka" id="41D01FAC-D088-17CC-AA04-585D0B51E55E">
<createdBy>micha</createdBy>
<createdTime>2022-01-10 10:32:22 UTC</createdTime>
<ownerDesignName>Mikroprojekt_firma_transportowa</ownerDesignName>
<importedID>99904D61-4BA1-154C-7E36-F40CC1CA9B95</importedID>
<engineerTo>
<item key="447946BB-4E08-720F-9116-4BBCCA2DAB89" value="true"/>
</engineerTo>
<useDomainConstraints>false</useDomainConstraints>
<use>1</use>
<logicalDatatype>LOGDT019</logicalDatatype>
<ownDataTypeParameters>,,</ownDataTypeParameters>
</Attribute>
<Attribute name="data_wyrobienia" id="9CB49EA5-3E86-DBAD-96C7-B6EFADA97BF6">
<createdBy>micha</createdBy>
<createdTime>2022-01-10 10:32:22 UTC</createdTime>
<ownerDesignName>Mikroprojekt_firma_transportowa</ownerDesignName>
<importedID>CD01FF28-7E2A-9780-C20B-A430DE82097B</importedID>
<engineerTo>
<item key="447946BB-4E08-720F-9116-4BBCCA2DAB89" value="true"/>
</engineerTo>
<useDomainConstraints>false</useDomainConstraints>
<use>1</use>
<logicalDatatype>LOGDT008</logicalDatatype>
<ownDataTypeParameters>,,</ownDataTypeParameters>
</Attribute>
<Attribute name="data_waznosci" id="B5B56F00-CD90-618C-3635-E1618F7E1756">
<createdBy>micha</createdBy>
<createdTime>2022-01-10 10:32:22 UTC</createdTime>
<ownerDesignName>Mikroprojekt_firma_transportowa</ownerDesignName>
<importedID>C1657918-916A-6EAF-9414-907FCF72EA01</importedID>
<engineerTo>
<item key="447946BB-4E08-720F-9116-4BBCCA2DAB89" value="true"/>
</engineerTo>
<useDomainConstraints>false</useDomainConstraints>
<use>1</use>
<logicalDatatype>LOGDT008</logicalDatatype>
<ownDataTypeParameters>,,</ownDataTypeParameters>
</Attribute>
</attributes>
<identifiers itemClass="oracle.dbtools.crest.model.design.logical.CandidateKey">
<identifier id="26BFB902-D8F6-6B43-BD10-2B8322087621" name="Kary PK">
<createdBy>micha</createdBy>
<createdTime>2022-01-10 10:32:22 UTC</createdTime>
<ownerDesignName>Mikroprojekt_firma_transportowa</ownerDesignName>
<shouldEngineer>false</shouldEngineer>
<engineerTo>
<item key="447946BB-4E08-720F-9116-4BBCCA2DAB89" value="false"/>
</engineerTo>
<pk>true</pk>
<usedAttributes>
<attributeRef>9CFDC7D5-8D55-07D6-0950-E2EE28242E6F</attributeRef>
</usedAttributes>
</identifier>
</identifiers>
</Entity>