<?xml version = '1.0' encoding = 'UTF-8'?>
<Diagram class="oracle.dbtools.crest.swingui.relational.DPVRelational" name="Relational_1" id="C4783334-35FF-8A4A-3D80-348B47C59471">
<createdBy>micha</createdBy>
<modifiedBy>micha</modifiedBy>
<createdTime>2022-01-10 10:31:22 UTC</createdTime>
<autoRoute>false</autoRoute>
<boxInbox>true</boxInbox>
<showLegend>false</showLegend>
<showLabels>false</showLabels>
<showRelAttributes>false</showRelAttributes>
<gridEnabled>false</gridEnabled>
<showGrid>false</showGrid>
<diagramColor>-1</diagramColor>
<display>false</display>
<notation>1</notation>
<objectViews>
<OView class="oracle.dbtools.crest.swingui.relational.TVTable" oid="4209A410-BA40-C55F-7B10-4FA4D9602591" otype="Table" vid="DA79D95A-DA91-07CE-4F1E-FEE9F00A13AD">
<hideElementsInCurrentOnly>false</hideElementsInCurrentOnly>
<bounds x="437" y="519" width="219" height="170"/>
</OView>
<OView class="oracle.dbtools.crest.swingui.relational.TVTable" oid="445F87C1-9B4A-4052-3832-6A18CCE9F533" otype="Table" vid="6003F105-8C24-1A67-BFEE-B87FC518AF40">
<hideElementsInCurrentOnly>false</hideElementsInCurrentOnly>
<bounds x="1243" y="569" width="313" height="138"/>
</OView>
<OView class="oracle.dbtools.crest.swingui.relational.TVTable" oid="500A789E-1A81-886A-4F0C-3B767A264D3C" otype="Table" vid="53832CC7-E3B2-FBCD-DBF1-2A7D61B19F7E">
<hideElementsInCurrentOnly>false</hideElementsInCurrentOnly>
<bounds x="0" y="153" width="206" height="131"/>
</OView>
<OView class="oracle.dbtools.crest.swingui.relational.TVTable" oid="5E9B4FC3-99AC-8D67-4E17-C26A0892A63C" otype="Table" vid="345968F3-B0FD-16FC-9307-B9E215A605C0">
<hideElementsInCurrentOnly>false</hideElementsInCurrentOnly>
<bounds x="433" y="739" width="220" height="98"/>
</OView>
<OView class="oracle.dbtools.crest.swingui.relational.TVTable" oid="618E8DD8-F763-0EC2-0F44-C9D9FE0DC0E0" otype="Table" vid="CF6621AB-BF1A-F916-6626-98BD68FFE3A6">
<hideElementsInCurrentOnly>false</hideElementsInCurrentOnly>
<bounds x="1264" y="146" width="265" height="329"/>
</OView>
<OView class="oracle.dbtools.crest.swingui.relational.TVTable" oid="8D2816EE-AD3A-EA7C-5ED7-FFFD928B99E8" otype="Table" vid="E4B03B00-D58E-83A7-39B4-603B826054A7">
<hideElementsInCurrentOnly>false</hideElementsInCurrentOnly>
<bounds x="859" y="0" width="313" height="123"/>
</OView>
<OView class="oracle.dbtools.crest.swingui.relational.TVTable" oid="8E561B46-0FA3-D04F-C671-757D45F2501E" otype="Table" vid="B7ACA4BD-6706-54AA-F465-4BEF90B32361">
<hideElementsInCurrentOnly>false</hideElementsInCurrentOnly>
<bounds x="0" y="0" width="179" height="128"/>
</OView>
<OView class="oracle.dbtools.crest.swingui.relational.TVTable" oid="A149DE43-3E28-A4FB-BB6F-A67CB1ACB19F" otype="Table" vid="C1442E2D-2810-FDD3-4312-9B3F96FBB9F6">
<hideElementsInCurrentOnly>false</hideElementsInCurrentOnly>
<bounds x="848" y="258" width="231" height="133"/>
</OView>
<OView class="oracle.dbtools.crest.swingui.relational.TVTable" oid="C4728F35-C991-18F6-8B9B-C19CEB7A3812" otype="Table" vid="AA97BB03-905E-407B-231E-F251E8EE7F01">
<hideElementsInCurrentOnly>false</hideElementsInCurrentOnly>
<bounds x="837" y="526" width="253" height="155"/>
</OView>
<OView class="oracle.dbtools.crest.swingui.relational.TVTable" oid="CD693996-6CC3-CD1F-0B51-4D3F8C0A5A47" otype="Table" vid="5D3454D2-8E30-F0E3-BD22-0745E9E0178C">
<hideElementsInCurrentOnly>false</hideElementsInCurrentOnly>
<bounds x="435" y="239" width="256" height="203"/>
</OView>
<OView class="oracle.dbtools.crest.swingui.relational.TVTable" oid="DBE0AFCD-BD05-C333-D14B-BDFE8D35B3CE" otype="Table" vid="E8785E4A-D2F5-6B0C-F532-437B57AA937D">
<hideElementsInCurrentOnly>false</hideElementsInCurrentOnly>
<bounds x="447" y="0" width="201" height="174"/>
</OView>
<OView class="oracle.dbtools.crest.swingui.relational.TVTable" oid="EDF37AC3-136E-B36B-79A5-0EC891B1EC38" otype="Table" vid="EDA443D1-1C08-2073-23D0-7D15CBED18A3">
<hideElementsInCurrentOnly>false</hideElementsInCurrentOnly>
<bounds x="7" y="328" width="242" height="164"/>
</OView>
</objectViews>
<connectors>
<Connector class="oracle.dbtools.crest.swingui.relational.TVFKRelation" oid="06259471-CC2F-261A-4F85-5D1C781404A5" otype="FKIndexAssociation" vid_source="53832CC7-E3B2-FBCD-DBF1-2A7D61B19F7E" vid_target="CF6621AB-BF1A-F916-6626-98BD68FFE3A6">
<hideElementsInCurrentOnly>false</hideElementsInCurrentOnly>
<backgroundColor>-16777216</backgroundColor>
<lineWidth>1</lineWidth>
<points>
<point x="206" y="203"/>
<point x="1264" y="203"/>
</points>
</Connector>
<Connector class="oracle.dbtools.crest.swingui.relational.TVFKRelation" oid="0E7C5708-860C-7A13-537C-FF5519BFA19D" otype="FKIndexAssociation" vid_source="E8785E4A-D2F5-6B0C-F532-437B57AA937D" vid_target="CF6621AB-BF1A-F916-6626-98BD68FFE3A6">
<hideElementsInCurrentOnly>false</hideElementsInCurrentOnly>
<backgroundColor>-16777216</backgroundColor>
<lineWidth>1</lineWidth>
<points>
<point x="648" y="160"/>
<point x="1264" y="160"/>
</points>
</Connector>
<Connector class="oracle.dbtools.crest.swingui.relational.TVFKRelation" oid="0FB4C48A-7C40-9FF4-D400-7C94768A5DFE" otype="FKIndexAssociation" vid_source="B7ACA4BD-6706-54AA-F465-4BEF90B32361" vid_target="5D3454D2-8E30-F0E3-BD22-0745E9E0178C">
<hideElementsInCurrentOnly>false</hideElementsInCurrentOnly>
<backgroundColor>-16777216</backgroundColor>
<lineWidth>1</lineWidth>
<points>
<point x="179" y="116"/>
<point x="435" y="265"/>
</points>
</Connector>
<Connector class="oracle.dbtools.crest.swingui.relational.TVFKRelation" oid="12151C52-9F37-081B-F22E-6D73DC12F01B" otype="FKIndexAssociation" vid_source="345968F3-B0FD-16FC-9307-B9E215A605C0" vid_target="DA79D95A-DA91-07CE-4F1E-FEE9F00A13AD">
<hideElementsInCurrentOnly>false</hideElementsInCurrentOnly>
<backgroundColor>-16777216</backgroundColor>
<lineWidth>1</lineWidth>
<points>
<point x="545" y="739"/>
<point x="545" y="689"/>
</points>
</Connector>
<Connector class="oracle.dbtools.crest.swingui.relational.TVFKRelation" oid="12D5E7C6-9292-ADC3-6651-7F50BF4E749B" otype="FKIndexAssociation" vid_source="53832CC7-E3B2-FBCD-DBF1-2A7D61B19F7E" vid_target="5D3454D2-8E30-F0E3-BD22-0745E9E0178C">
<hideElementsInCurrentOnly>false</hideElementsInCurrentOnly>
<backgroundColor>-16777216</backgroundColor>
<lineWidth>1</lineWidth>
<points>
<point x="206" y="276"/>
<point x="435" y="276"/>
</points>
</Connector>
<Connector class="oracle.dbtools.crest.swingui.relational.TVFKRelation" oid="2BCEE831-F8EB-A67B-3993-9DF13B5FA9AD" otype="FKIndexAssociation" vid_source="C1442E2D-2810-FDD3-4312-9B3F96FBB9F6" vid_target="CF6621AB-BF1A-F916-6626-98BD68FFE3A6">
<hideElementsInCurrentOnly>false</hideElementsInCurrentOnly>
<backgroundColor>-16777216</backgroundColor>
<lineWidth>1</lineWidth>
<points>
<point x="1079" y="324"/>
<point x="1264" y="324"/>
</points>
</Connector>
<Connector class="oracle.dbtools.crest.swingui.relational.TVFKRelation" oid="6322DD3C-EF07-CB20-D3DD-406B65628005" otype="FKIndexAssociation" vid_source="5D3454D2-8E30-F0E3-BD22-0745E9E0178C" vid_target="C1442E2D-2810-FDD3-4312-9B3F96FBB9F6">
<hideElementsInCurrentOnly>false</hideElementsInCurrentOnly>
<backgroundColor>-16777216</backgroundColor>
<lineWidth>1</lineWidth>
<points>
<point x="691" y="324"/>
<point x="848" y="324"/>
</points>
</Connector>
<Connector class="oracle.dbtools.crest.swingui.relational.TVFKRelation" oid="65374E09-3E1B-FE71-CEC6-62345D56A81F" otype="FKIndexAssociation" vid_source="53832CC7-E3B2-FBCD-DBF1-2A7D61B19F7E" vid_target="EDA443D1-1C08-2073-23D0-7D15CBED18A3">
<hideElementsInCurrentOnly>false</hideElementsInCurrentOnly>
<backgroundColor>-16777216</backgroundColor>
<lineWidth>1</lineWidth>
<points>
<point x="106" y="284"/>
<point x="106" y="328"/>
</points>
</Connector>
<Connector class="oracle.dbtools.crest.swingui.relational.TVFKRelation" oid="99EF18FB-150F-9F5B-6184-D9B737DC3B62" otype="FKIndexAssociation" vid_source="53832CC7-E3B2-FBCD-DBF1-2A7D61B19F7E" vid_target="CF6621AB-BF1A-F916-6626-98BD68FFE3A6">
<hideElementsInCurrentOnly>false</hideElementsInCurrentOnly>
<backgroundColor>-16777216</backgroundColor>
<lineWidth>1</lineWidth>
<points>
<point x="206" y="218"/>
<point x="1264" y="218"/>
</points>
</Connector>
<Connector class="oracle.dbtools.crest.swingui.relational.TVFKRelation" oid="A0164D6B-D434-9548-D052-5AF5638CAF64" otype="FKIndexAssociation" vid_source="E4B03B00-D58E-83A7-39B4-603B826054A7" vid_target="E8785E4A-D2F5-6B0C-F532-437B57AA937D">
<hideElementsInCurrentOnly>false</hideElementsInCurrentOnly>
<backgroundColor>-16777216</backgroundColor>
<lineWidth>1</lineWidth>
<points>
<point x="859" y="61"/>
<point x="648" y="61"/>
</points>
</Connector>
<Connector class="oracle.dbtools.crest.swingui.relational.TVFKRelation" oid="A81A312F-70FE-58A4-765E-E056BC5CDB08" otype="FKIndexAssociation" vid_source="EDA443D1-1C08-2073-23D0-7D15CBED18A3" vid_target="5D3454D2-8E30-F0E3-BD22-0745E9E0178C">
<hideElementsInCurrentOnly>false</hideElementsInCurrentOnly>
<backgroundColor>-16777216</backgroundColor>
<lineWidth>1</lineWidth>
<points>
<point x="249" y="385"/>
<point x="435" y="385"/>
</points>
</Connector>
<Connector class="oracle.dbtools.crest.swingui.relational.TVFKRelation" oid="C808FCFD-4115-4639-7829-04FC4744FD71" otype="FKIndexAssociation" vid_source="6003F105-8C24-1A67-BFEE-B87FC518AF40" vid_target="CF6621AB-BF1A-F916-6626-98BD68FFE3A6">
<hideElementsInCurrentOnly>false</hideElementsInCurrentOnly>
<backgroundColor>-16777216</backgroundColor>
<lineWidth>1</lineWidth>
<points>
<point x="1396" y="569"/>
<point x="1396" y="475"/>
</points>
</Connector>
<Connector class="oracle.dbtools.crest.swingui.relational.TVFKRelation" oid="CF73A55E-502F-FD79-95AC-4B40CFB1C5B0" otype="FKIndexAssociation" vid_source="AA97BB03-905E-407B-231E-F251E8EE7F01" vid_target="DA79D95A-DA91-07CE-4F1E-FEE9F00A13AD">
<hideElementsInCurrentOnly>false</hideElementsInCurrentOnly>
<backgroundColor>-16777216</backgroundColor>
<lineWidth>1</lineWidth>
<points>
<point x="660" y="618"/>
<point x="656" y="618"/>
</points>
</Connector>
<Connector class="oracle.dbtools.crest.swingui.relational.TVFKRelation" oid="DD95EEB8-202C-7575-C401-A56DB47E1787" otype="FKIndexAssociation" vid_source="53832CC7-E3B2-FBCD-DBF1-2A7D61B19F7E" vid_target="E8785E4A-D2F5-6B0C-F532-437B57AA937D">
<hideElementsInCurrentOnly>false</hideElementsInCurrentOnly>
<backgroundColor>-16777216</backgroundColor>
<lineWidth>1</lineWidth>
<points>
<point x="206" y="163"/>
<point x="447" y="163"/>
</points>
</Connector>
<Connector class="oracle.dbtools.crest.swingui.relational.TVFKRelation" oid="EFD86A35-ADB9-F1D3-B53C-CC5F9ABA1A5F" otype="FKIndexAssociation" vid_source="B7ACA4BD-6706-54AA-F465-4BEF90B32361" vid_target="E8785E4A-D2F5-6B0C-F532-437B57AA937D">
<hideElementsInCurrentOnly>false</hideElementsInCurrentOnly>
<backgroundColor>-16777216</backgroundColor>
<lineWidth>1</lineWidth>
<points>
<point x="179" y="79"/>
<point x="447" y="79"/>
</points>
</Connector>
<Connector class="oracle.dbtools.crest.swingui.relational.TVFKRelation" oid="F40F8C7C-0840-0330-D972-CFF3CD26BA60" otype="FKIndexAssociation" vid_source="AA97BB03-905E-407B-231E-F251E8EE7F01" vid_target="C1442E2D-2810-FDD3-4312-9B3F96FBB9F6">
<hideElementsInCurrentOnly>false</hideElementsInCurrentOnly>
<backgroundColor>-16777216</backgroundColor>
<lineWidth>1</lineWidth>
<points>
<point x="660" y="526"/>
<point x="963" y="391"/>
</points>
</Connector>
</connectors>
</Diagram>