<?xml version = '1.0' encoding = 'UTF-8'?>
<FKIndexAssociation class="oracle.dbtools.crest.model.design.relational.FKIndexAssociation" directorySegmentName="seg_0" id="12D5E7C6-9292-ADC3-6651-7F50BF4E749B" containerWithKeyObject="CD693996-6CC3-CD1F-0B51-4D3F8C0A5A47" localFKIndex="5D476D5A-83E9-68EF-13FC-D5947D621D39" name="Pracownik_Adresy_FK">
<createdBy>micha</createdBy>
<createdTime>2022-01-10 11:57:04 UTC</createdTime>
<generatorID>07449EF7-DC5E-0DBD-B3DA-DD15C071881D</generatorID>
<ownerDesignName>Mikroprojekt_firma_transportowa</ownerDesignName>
<referredTableLongName>Adresy</referredTableLongName>
<deleteRule>NO ACTION</deleteRule>
<referredTableID>500A789E-1A81-886A-4F0C-3B767A264D3C</referredTableID>
<keyObject>C436BEF4-E43B-8109-6D63-3F42277186DE</keyObject>
<referredKeyID>C436BEF4-E43B-8109-6D63-3F42277186DE</referredKeyID>
<mandatory>true</mandatory>
<refColNames>adres_ID</refColNames>
<transferable>true</transferable>
<rely>false</rely>
<columnDependencyConstraintGenerateInDDL>true</columnDependencyConstraintGenerateInDDL>
</FKIndexAssociation>