<?xml version = '1.0' encoding = 'UTF-8'?>
<FKIndexAssociation class="oracle.dbtools.crest.model.design.relational.FKIndexAssociation" directorySegmentName="seg_0" id="65374E09-3E1B-FE71-CEC6-62345D56A81F" containerWithKeyObject="EDF37AC3-136E-B36B-79A5-0EC891B1EC38" localFKIndex="66B29A4B-7B80-2EF5-384E-6E2D4F088D68" name="Wyksztalcenie_Adresy_FK">
<createdBy>micha</createdBy>
<createdTime>2022-01-10 11:57:04 UTC</createdTime>
<generatorID>59552A05-FAD4-97B5-5D34-ADFA59666674</generatorID>
<ownerDesignName>Mikroprojekt_firma_transportowa</ownerDesignName>
<referredTableLongName>Adresy</referredTableLongName>
<deleteRule>NO ACTION</deleteRule>
<referredTableID>500A789E-1A81-886A-4F0C-3B767A264D3C</referredTableID>
<keyObject>C436BEF4-E43B-8109-6D63-3F42277186DE</keyObject>
<referredKeyID>C436BEF4-E43B-8109-6D63-3F42277186DE</referredKeyID>
<mandatory>true</mandatory>
<refColNames>adres_ID</refColNames>
<transferable>true</transferable>
<rely>false</rely>
<columnDependencyConstraintGenerateInDDL>true</columnDependencyConstraintGenerateInDDL>
</FKIndexAssociation>