<?xml version = '1.0' encoding = 'UTF-8'?>
<FKIndexAssociation class="oracle.dbtools.crest.model.design.relational.FKIndexAssociation" directorySegmentName="seg_0" id="A0164D6B-D434-9548-D052-5AF5638CAF64" containerWithKeyObject="DBE0AFCD-BD05-C333-D14B-BDFE8D35B3CE" localFKIndex="A496E5EF-D56D-000D-12E5-BDDD1D67FF17" name="Klient_Karty_znizek_FK">
<createdBy>micha</createdBy>
<createdTime>2022-01-10 11:57:04 UTC</createdTime>
<generatorID>EF9E1E01-BF46-97B5-0458-037D95A4E9F3</generatorID>
<ownerDesignName>Mikroprojekt_firma_transportowa</ownerDesignName>
<referredTableLongName>Karty_znizek</referredTableLongName>
<deleteRule>NO ACTION</deleteRule>
<referredTableID>8D2816EE-AD3A-EA7C-5ED7-FFFD928B99E8</referredTableID>
<keyObject>265D54EC-874A-73E6-A03C-FC8428DD1C68</keyObject>
<referredKeyID>265D54EC-874A-73E6-A03C-FC8428DD1C68</referredKeyID>
<mandatory>true</mandatory>
<refColNames>karta_ID</refColNames>
<transferable>true</transferable>
<rely>false</rely>
<columnDependencyConstraintGenerateInDDL>true</columnDependencyConstraintGenerateInDDL>
</FKIndexAssociation>