<?xml version = '1.0' encoding = 'UTF-8'?>
<FKIndexAssociation class="oracle.dbtools.crest.model.design.relational.FKIndexAssociation" directorySegmentName="seg_0" id="A81A312F-70FE-58A4-765E-E056BC5CDB08" containerWithKeyObject="CD693996-6CC3-CD1F-0B51-4D3F8C0A5A47" localFKIndex="76FE324B-FA59-AEE0-6F90-A625A86F0474" name="Pracownik_Wyksztalcenie_FK">
<createdBy>micha</createdBy>
<createdTime>2022-01-10 11:57:04 UTC</createdTime>
<generatorID>1F120EB6-1105-A9D9-04FA-809B4B0E8133</generatorID>
<ownerDesignName>Mikroprojekt_firma_transportowa</ownerDesignName>
<referredTableLongName>Wyksztalcenie</referredTableLongName>
<deleteRule>NO ACTION</deleteRule>
<referredTableID>EDF37AC3-136E-B36B-79A5-0EC891B1EC38</referredTableID>
<keyObject>2FC649CE-1230-6796-4E2F-B733E5B3AF91</keyObject>
<referredKeyID>2FC649CE-1230-6796-4E2F-B733E5B3AF91</referredKeyID>
<mandatory>true</mandatory>
<refColNames>wyksztalcenie_ID</refColNames>
<transferable>true</transferable>
<rely>false</rely>
<columnDependencyConstraintGenerateInDDL>true</columnDependencyConstraintGenerateInDDL>
</FKIndexAssociation>