<?xml version = '1.0' encoding = 'UTF-8'?>
<FKIndexAssociation class="oracle.dbtools.crest.model.design.relational.FKIndexAssociation" directorySegmentName="seg_0" id="C808FCFD-4115-4639-7829-04FC4744FD71" containerWithKeyObject="618E8DD8-F763-0EC2-0F44-C9D9FE0DC0E0" localFKIndex="CC9F3AD1-5BFC-789A-963B-7F3238856220" name="Zlecenie_Oplaty_FK">
<createdBy>micha</createdBy>
<createdTime>2022-01-10 11:57:04 UTC</createdTime>
<generatorID>F214AC82-F3C2-EC44-438D-3B259F557FFE</generatorID>
<ownerDesignName>Mikroprojekt_firma_transportowa</ownerDesignName>
<referredTableLongName>Oplaty</referredTableLongName>
<deleteRule>NO ACTION</deleteRule>
<referredTableID>445F87C1-9B4A-4052-3832-6A18CCE9F533</referredTableID>
<keyObject>4CA9F4D8-F1DB-BD6F-A552-D8741A4E15E2</keyObject>
<referredKeyID>4CA9F4D8-F1DB-BD6F-A552-D8741A4E15E2</referredKeyID>
<mandatory>true</mandatory>
<refColNames>oplata_ID</refColNames>
<transferable>true</transferable>
<rely>false</rely>
<columnDependencyConstraintGenerateInDDL>true</columnDependencyConstraintGenerateInDDL>
</FKIndexAssociation>