<?xml version = '1.0' encoding = 'UTF-8'?>
<FKIndexAssociation class="oracle.dbtools.crest.model.design.relational.FKIndexAssociation" directorySegmentName="seg_0" id="CF73A55E-502F-FD79-95AC-4B40CFB1C5B0" containerWithKeyObject="4209A410-BA40-C55F-7B10-4FA4D9602591" localFKIndex="D3DC5238-6C10-B16D-37BD-17C72F7B3E2D" name="Koszty_Samochod_FK">
<createdBy>micha</createdBy>
<createdTime>2022-01-17 16:08:21 UTC</createdTime>
<generatorID>B4540487-D21D-47F8-51C5-B95C5AFBF8AA</generatorID>
<ownerDesignName>Mikroprojekt_firma_transportowa</ownerDesignName>
<referredTableLongName>Samochod</referredTableLongName>
<deleteRule>NO ACTION</deleteRule>
<referredTableID>C4728F35-C991-18F6-8B9B-C19CEB7A3812</referredTableID>
<keyObject>5CC887DF-14D6-D625-91C6-901060979DAD</keyObject>
<referredKeyID>5CC887DF-14D6-D625-91C6-901060979DAD</referredKeyID>
<mandatory>true</mandatory>
<refColNames>Samochod_ID</refColNames>
<transferable>true</transferable>
<rely>false</rely>
<columnDependencyConstraintGenerateInDDL>true</columnDependencyConstraintGenerateInDDL>
</FKIndexAssociation>