<?xml version = '1.0' encoding = 'UTF-8'?>
<FKIndexAssociation class="oracle.dbtools.crest.model.design.relational.FKIndexAssociation" directorySegmentName="seg_0" id="F40F8C7C-0840-0330-D972-CFF3CD26BA60" containerWithKeyObject="A149DE43-3E28-A4FB-BB6F-A67CB1ACB19F" localFKIndex="DE87CC62-9838-71E5-58D5-954C65B3A8AB" name="KIerowcy_Samochod_FK">
<createdBy>micha</createdBy>
<createdTime>2022-01-10 11:57:04 UTC</createdTime>
<generatorID>96256F31-759C-C42B-B990-AB1B3B9E2819</generatorID>
<ownerDesignName>Mikroprojekt_firma_transportowa</ownerDesignName>
<referredTableLongName>Samochod</referredTableLongName>
<deleteRule>NO ACTION</deleteRule>
<referredTableID>C4728F35-C991-18F6-8B9B-C19CEB7A3812</referredTableID>
<keyObject>5CC887DF-14D6-D625-91C6-901060979DAD</keyObject>
<referredKeyID>5CC887DF-14D6-D625-91C6-901060979DAD</referredKeyID>
<mandatory>true</mandatory>
<refColNames>Samochod_ID</refColNames>
<transferable>true</transferable>
<rely>false</rely>
<columnDependencyConstraintGenerateInDDL>true</columnDependencyConstraintGenerateInDDL>
</FKIndexAssociation>