<?xml version = '1.0' encoding = 'UTF-8'?>
<FKIndexAssociation class="oracle.dbtools.crest.model.design.relational.FKIndexAssociation" directorySegmentName="seg_0" id="06259471-CC2F-261A-4F85-5D1C781404A5" containerWithKeyObject="618E8DD8-F763-0EC2-0F44-C9D9FE0DC0E0" localFKIndex="0D4B86E0-EDFC-AF01-A8D0-C64B3A2DF528" name="Zlecenie_Adresy_FKv1">
<createdBy>micha</createdBy>
<createdTime>2022-01-10 11:57:04 UTC</createdTime>
<generatorID>B4D87FB5-A301-F5DE-4D72-4C51CEAFB022</generatorID>
<ownerDesignName>Mikroprojekt_firma_transportowa</ownerDesignName>
<referredTableLongName>Adresy</referredTableLongName>
<deleteRule>NO ACTION</deleteRule>
<referredTableID>500A789E-1A81-886A-4F0C-3B767A264D3C</referredTableID>
<keyObject>C436BEF4-E43B-8109-6D63-3F42277186DE</keyObject>
<referredKeyID>C436BEF4-E43B-8109-6D63-3F42277186DE</referredKeyID>
<mandatory>true</mandatory>
<refColNames>adres_ID</refColNames>
<transferable>true</transferable>
<rely>false</rely>
<columnDependencyConstraintGenerateInDDL>true</columnDependencyConstraintGenerateInDDL>
</FKIndexAssociation>