<?xml version = '1.0' encoding = 'UTF-8'?>
<FKIndexAssociation class="oracle.dbtools.crest.model.design.relational.FKIndexAssociation" directorySegmentName="seg_0" id="0E7C5708-860C-7A13-537C-FF5519BFA19D" containerWithKeyObject="618E8DD8-F763-0EC2-0F44-C9D9FE0DC0E0" localFKIndex="F8318C3E-820A-51E2-B451-9C50C4325164" name="Zlecenie_Klient_FK">
<createdBy>micha</createdBy>
<createdTime>2022-01-10 11:57:04 UTC</createdTime>
<generatorID>69A1EB12-46A2-C147-2EBB-D53DA244045A</generatorID>
<ownerDesignName>Mikroprojekt_firma_transportowa</ownerDesignName>
<referredTableLongName>Klient</referredTableLongName>
<deleteRule>NO ACTION</deleteRule>
<referredTableID>DBE0AFCD-BD05-C333-D14B-BDFE8D35B3CE</referredTableID>
<keyObject>1788AA2E-E19A-CB66-5039-F2BE06DAF8A1</keyObject>
<referredKeyID>1788AA2E-E19A-CB66-5039-F2BE06DAF8A1</referredKeyID>
<mandatory>true</mandatory>
<refColNames>Klient_ID</refColNames>
<transferable>true</transferable>
<rely>false</rely>
<columnDependencyConstraintGenerateInDDL>true</columnDependencyConstraintGenerateInDDL>
</FKIndexAssociation>