<?xml version = '1.0' encoding = 'UTF-8'?>
<FKIndexAssociation class="oracle.dbtools.crest.model.design.relational.FKIndexAssociation" directorySegmentName="seg_0" id="0FB4C48A-7C40-9FF4-D400-7C94768A5DFE" containerWithKeyObject="CD693996-6CC3-CD1F-0B51-4D3F8C0A5A47" localFKIndex="F9123A51-963A-18F6-F1EE-87BD8A1B487F" name="Pracownik_Dane_osobowe_FK">
<createdBy>micha</createdBy>
<createdTime>2022-01-10 11:57:04 UTC</createdTime>
<generatorID>BAC2A1C0-4778-D00B-E30A-4B9C8208362B</generatorID>
<ownerDesignName>Mikroprojekt_firma_transportowa</ownerDesignName>
<referredTableLongName>Dane_osobowe</referredTableLongName>
<deleteRule>NO ACTION</deleteRule>
<referredTableID>8E561B46-0FA3-D04F-C671-757D45F2501E</referredTableID>
<keyObject>4794CF8D-9EE1-710B-3598-B585222B2842</keyObject>
<referredKeyID>4794CF8D-9EE1-710B-3598-B585222B2842</referredKeyID>
<mandatory>true</mandatory>
<refColNames>dane_ID</refColNames>
<transferable>true</transferable>
<rely>false</rely>
<columnDependencyConstraintGenerateInDDL>true</columnDependencyConstraintGenerateInDDL>
</FKIndexAssociation>