<?xml version = '1.0' encoding = 'UTF-8'?>
<FKIndexAssociation class="oracle.dbtools.crest.model.design.relational.FKIndexAssociation" directorySegmentName="seg_0" id="12151C52-9F37-081B-F22E-6D73DC12F01B" containerWithKeyObject="4209A410-BA40-C55F-7B10-4FA4D9602591" localFKIndex="583E98F1-1130-8A39-830F-2D78768BE417" name="Koszty_Naprawy_FK">
<createdBy>micha</createdBy>
<createdTime>2022-01-10 11:57:04 UTC</createdTime>
<generatorID>8F602C90-38F1-453F-61C9-7C37F3D84A42</generatorID>
<ownerDesignName>Mikroprojekt_firma_transportowa</ownerDesignName>
<referredTableLongName>Naprawy</referredTableLongName>
<deleteRule>NO ACTION</deleteRule>
<referredTableID>5E9B4FC3-99AC-8D67-4E17-C26A0892A63C</referredTableID>
<keyObject>FF0B9A91-F9AA-F949-633C-71BFDDABC79C</keyObject>
<referredKeyID>FF0B9A91-F9AA-F949-633C-71BFDDABC79C</referredKeyID>
<mandatory>true</mandatory>
<refColNames>naprawy_ID</refColNames>
<transferable>true</transferable>
<rely>false</rely>
<columnDependencyConstraintGenerateInDDL>true</columnDependencyConstraintGenerateInDDL>
</FKIndexAssociation>