<?xml version = '1.0' encoding = 'UTF-8'?>
<FKIndexAssociation class="oracle.dbtools.crest.model.design.relational.FKIndexAssociation" directorySegmentName="seg_0" id="2BCEE831-F8EB-A67B-3993-9DF13B5FA9AD" containerWithKeyObject="618E8DD8-F763-0EC2-0F44-C9D9FE0DC0E0" localFKIndex="9A001116-5A5F-C387-179B-88D14F261DF8" name="Zlecenie_KIerowcy_FK">
<createdBy>micha</createdBy>
<createdTime>2022-01-10 11:57:04 UTC</createdTime>
<generatorID>77D5563B-5146-B531-2CC3-6F4D5C55824F</generatorID>
<ownerDesignName>Mikroprojekt_firma_transportowa</ownerDesignName>
<referredTableLongName>KIerowcy</referredTableLongName>
<deleteRule>NO ACTION</deleteRule>
<referredTableID>A149DE43-3E28-A4FB-BB6F-A67CB1ACB19F</referredTableID>
<keyObject>B565C40C-BA00-AF45-47FE-2284A1CDDA94</keyObject>
<referredKeyID>B565C40C-BA00-AF45-47FE-2284A1CDDA94</referredKeyID>
<mandatory>true</mandatory>
<refColNames>Kierowca_ID</refColNames>
<transferable>true</transferable>
<rely>false</rely>
<columnDependencyConstraintGenerateInDDL>true</columnDependencyConstraintGenerateInDDL>
</FKIndexAssociation>