<?xml version = '1.0' encoding = 'UTF-8'?>
<FKIndexAssociation class="oracle.dbtools.crest.model.design.relational.FKIndexAssociation" directorySegmentName="seg_0" id="6322DD3C-EF07-CB20-D3DD-406B65628005" containerWithKeyObject="A149DE43-3E28-A4FB-BB6F-A67CB1ACB19F" localFKIndex="01EA2D83-FCA7-0ED0-DD46-97F389D73ADD" name="KIerowcy_Pracownik_FK">
<createdBy>micha</createdBy>
<createdTime>2022-01-10 11:57:04 UTC</createdTime>
<generatorID>9D2E6E1F-0068-0DFB-7145-CEB45D8D2917</generatorID>
<ownerDesignName>Mikroprojekt_firma_transportowa</ownerDesignName>
<referredTableLongName>Pracownik</referredTableLongName>
<deleteRule>NO ACTION</deleteRule>
<referredTableID>CD693996-6CC3-CD1F-0B51-4D3F8C0A5A47</referredTableID>
<keyObject>F49D7898-FA5D-9111-6DE2-66D1E044ED35</keyObject>
<referredKeyID>F49D7898-FA5D-9111-6DE2-66D1E044ED35</referredKeyID>
<mandatory>true</mandatory>
<refColNames>Pracownik_ID</refColNames>
<transferable>true</transferable>
<rely>false</rely>
<columnDependencyConstraintGenerateInDDL>true</columnDependencyConstraintGenerateInDDL>
</FKIndexAssociation>