<?xml version = '1.0' encoding = 'UTF-8'?>
<FKIndexAssociation class="oracle.dbtools.crest.model.design.relational.FKIndexAssociation" directorySegmentName="seg_0" id="99EF18FB-150F-9F5B-6184-D9B737DC3B62" containerWithKeyObject="618E8DD8-F763-0EC2-0F44-C9D9FE0DC0E0" localFKIndex="FFE2C8CB-9187-1F33-501F-A878B20F88E4" name="Zlecenie_Adresy_FK">
<createdBy>micha</createdBy>
<createdTime>2022-01-10 11:57:04 UTC</createdTime>
<generatorID>09E1024D-9CAC-5675-06CD-EEF160B626C4</generatorID>
<ownerDesignName>Mikroprojekt_firma_transportowa</ownerDesignName>
<referredTableLongName>Adresy</referredTableLongName>
<deleteRule>NO ACTION</deleteRule>
<referredTableID>500A789E-1A81-886A-4F0C-3B767A264D3C</referredTableID>
<keyObject>C436BEF4-E43B-8109-6D63-3F42277186DE</keyObject>
<referredKeyID>C436BEF4-E43B-8109-6D63-3F42277186DE</referredKeyID>
<mandatory>true</mandatory>
<refColNames>adres_ID</refColNames>
<transferable>true</transferable>
<rely>false</rely>
<columnDependencyConstraintGenerateInDDL>true</columnDependencyConstraintGenerateInDDL>
</FKIndexAssociation>