<?xml version = '1.0' encoding = 'UTF-8'?>
<FKIndexAssociation class="oracle.dbtools.crest.model.design.relational.FKIndexAssociation" directorySegmentName="seg_0" id="A54AFAD7-F2B2-57DB-C1BF-D471AD0A8CF0" containerWithKeyObject="C4728F35-C991-18F6-8B9B-C19CEB7A3812" localFKIndex="AA519BED-A3E8-674A-C95D-465F2D3AA52E" name="Samochod_Koszty_FK">
<createdBy>micha</createdBy>
<createdTime>2022-01-10 11:57:04 UTC</createdTime>
<generatorID>2CF3DCF8-E8B9-49C0-8E61-28AC430AF42F</generatorID>
<ownerDesignName>Mikroprojekt_firma_transportowa</ownerDesignName>
<referredTableLongName>Koszty</referredTableLongName>
<deleteRule>NO ACTION</deleteRule>
<referredTableID>4209A410-BA40-C55F-7B10-4FA4D9602591</referredTableID>
<keyObject>9FD7ED9E-879A-F4DD-C273-B1797D4B309B</keyObject>
<referredKeyID>9FD7ED9E-879A-F4DD-C273-B1797D4B309B</referredKeyID>
<mandatory>true</mandatory>
<refColNames>koszty_ID</refColNames>
<transferable>true</transferable>
<rely>false</rely>
<columnDependencyConstraintGenerateInDDL>true</columnDependencyConstraintGenerateInDDL>
</FKIndexAssociation>