<?xml version = '1.0' encoding = 'UTF-8'?>
<FKIndexAssociation class="oracle.dbtools.crest.model.design.relational.FKIndexAssociation" directorySegmentName="seg_0" id="DD95EEB8-202C-7575-C401-A56DB47E1787" containerWithKeyObject="DBE0AFCD-BD05-C333-D14B-BDFE8D35B3CE" localFKIndex="FE7A112C-FA0F-95AE-FF13-8C052A94A15F" name="Klient_Adresy_FK">
<createdBy>micha</createdBy>
<createdTime>2022-01-10 11:57:04 UTC</createdTime>
<generatorID>9F2BCC1C-F713-E7A2-2631-87D5A8386411</generatorID>
<ownerDesignName>Mikroprojekt_firma_transportowa</ownerDesignName>
<referredTableLongName>Adresy</referredTableLongName>
<deleteRule>NO ACTION</deleteRule>
<referredTableID>500A789E-1A81-886A-4F0C-3B767A264D3C</referredTableID>
<keyObject>C436BEF4-E43B-8109-6D63-3F42277186DE</keyObject>
<referredKeyID>C436BEF4-E43B-8109-6D63-3F42277186DE</referredKeyID>
<mandatory>true</mandatory>
<refColNames>adres_ID</refColNames>
<transferable>true</transferable>
<rely>false</rely>
<columnDependencyConstraintGenerateInDDL>true</columnDependencyConstraintGenerateInDDL>
</FKIndexAssociation>