<?xml version = '1.0' encoding = 'UTF-8'?>
<FKIndexAssociation class="oracle.dbtools.crest.model.design.relational.FKIndexAssociation" directorySegmentName="seg_0" id="EFD86A35-ADB9-F1D3-B53C-CC5F9ABA1A5F" containerWithKeyObject="DBE0AFCD-BD05-C333-D14B-BDFE8D35B3CE" localFKIndex="2F7F0108-DF5C-87EE-889D-6E6CF641D71A" name="Klient_Dane_osobowe_FK">
<createdBy>micha</createdBy>
<createdTime>2022-01-10 11:57:04 UTC</createdTime>
<generatorID>1A76ED59-18AE-B3D1-C29F-7FED36F51B33</generatorID>
<ownerDesignName>Mikroprojekt_firma_transportowa</ownerDesignName>
<referredTableLongName>Dane_osobowe</referredTableLongName>
<deleteRule>NO ACTION</deleteRule>
<referredTableID>8E561B46-0FA3-D04F-C671-757D45F2501E</referredTableID>
<keyObject>4794CF8D-9EE1-710B-3598-B585222B2842</keyObject>
<referredKeyID>4794CF8D-9EE1-710B-3598-B585222B2842</referredKeyID>
<mandatory>true</mandatory>
<refColNames>dane_ID</refColNames>
<transferable>true</transferable>
<rely>false</rely>
<columnDependencyConstraintGenerateInDDL>true</columnDependencyConstraintGenerateInDDL>
</FKIndexAssociation>