<?xml version = '1.0' encoding = 'UTF-8'?>
<Relation class="oracle.dbtools.crest.model.design.logical.Relation" name="Relation_3" directorySegmentName="seg_0" id="1A76ED59-18AE-B3D1-C29F-7FED36F51B33">
<createdBy>micha</createdBy>
<createdTime>2022-01-10 11:28:51 UTC</createdTime>
<ownerDesignName>Mikroprojekt_firma_transportowa</ownerDesignName>
<engineerTo>
<item key="447946BB-4E08-720F-9116-4BBCCA2DAB89" value="true"/>
</engineerTo>
<sourcePk>3370B319-8E15-03FF-B5E1-3B35BB8AB92B</sourcePk>
<identifying>false</identifying>
<optionalSource>true</optionalSource>
<optionalTarget>false</optionalTarget>
<sourceCardinality>1</sourceCardinality>
<sourceEntity>3D41A267-923A-4759-86DB-06C3CA4623D3</sourceEntity>
<targetCardinalityString>1</targetCardinalityString>
<targetEntity>5F4835B8-2968-3C6F-8371-25890C408E6E</targetEntity>
<transferable>true</transferable>
<deleteRule>NO ACTION</deleteRule>
</Relation>