<?xml version = '1.0' encoding = 'UTF-8'?>
<Relation class="oracle.dbtools.crest.model.design.logical.Relation" name="Relation_12" directorySegmentName="seg_0" id="1F120EB6-1105-A9D9-04FA-809B4B0E8133">
<createdBy>micha</createdBy>
<createdTime>2022-01-10 11:32:44 UTC</createdTime>
<ownerDesignName>Mikroprojekt_firma_transportowa</ownerDesignName>
<engineerTo>
<item key="447946BB-4E08-720F-9116-4BBCCA2DAB89" value="true"/>
</engineerTo>
<sourcePk>3FCBAB30-BFA9-9EA5-3108-39EF9E604F0E</sourcePk>
<identifying>false</identifying>
<optionalSource>true</optionalSource>
<optionalTarget>false</optionalTarget>
<sourceCardinality>1</sourceCardinality>
<sourceEntity>B2EF8C83-C0FA-5EA5-1ECC-FEAC288AB1D9</sourceEntity>
<targetCardinalityString>*</targetCardinalityString>
<targetEntity>D3C67270-EF64-9AC7-76DC-00F974A0EBD6</targetEntity>
<transferable>true</transferable>
<deleteRule>NO ACTION</deleteRule>
</Relation>