<?xml version = '1.0' encoding = 'UTF-8'?>
<Relation class="oracle.dbtools.crest.model.design.logical.Relation" name="Relation_22" directorySegmentName="seg_0" id="2CF3DCF8-E8B9-49C0-8E61-28AC430AF42F">
<createdBy>micha</createdBy>
<createdTime>2022-01-10 11:42:23 UTC</createdTime>
<ownerDesignName>Mikroprojekt_firma_transportowa</ownerDesignName>
<engineerTo>
<item key="447946BB-4E08-720F-9116-4BBCCA2DAB89" value="true"/>
</engineerTo>
<sourcePk>B8F0C75E-40B3-815F-BBE7-4A734C5A5A8B</sourcePk>
<identifying>false</identifying>
<optionalSource>true</optionalSource>
<optionalTarget>false</optionalTarget>
<sourceCardinality>1</sourceCardinality>
<sourceEntity>F379A594-D85E-F7D2-BC4D-130628386742</sourceEntity>
<targetCardinalityString>1</targetCardinalityString>
<targetEntity>0C435419-8FC8-03C7-A0CE-6D49D8910ACE</targetEntity>
<transferable>true</transferable>
<deleteRule>NO ACTION</deleteRule>
</Relation>