<?xml version = '1.0' encoding = 'UTF-8'?>
<Relation class="oracle.dbtools.crest.model.design.logical.Relation" name="Relation_19" directorySegmentName="seg_0" id="9D2E6E1F-0068-0DFB-7145-CEB45D8D2917">
<createdBy>micha</createdBy>
<createdTime>2022-01-10 11:40:35 UTC</createdTime>
<ownerDesignName>Mikroprojekt_firma_transportowa</ownerDesignName>
<engineerTo>
<item key="447946BB-4E08-720F-9116-4BBCCA2DAB89" value="true"/>
</engineerTo>
<sourcePk>47066AEC-52BA-E88E-A822-6D7B3FCE71E9</sourcePk>
<identifying>false</identifying>
<optionalSource>true</optionalSource>
<optionalTarget>false</optionalTarget>
<sourceCardinality>1</sourceCardinality>
<sourceEntity>D3C67270-EF64-9AC7-76DC-00F974A0EBD6</sourceEntity>
<targetCardinalityString>*</targetCardinalityString>
<targetEntity>3EE7F1E2-B51B-B56B-7AE6-404E8D1C7A11</targetEntity>
<transferable>true</transferable>
<deleteRule>NO ACTION</deleteRule>
</Relation>