<?xml version = '1.0' encoding = 'UTF-8'?>
<Relation class="oracle.dbtools.crest.model.design.logical.Relation" name="Relation_7" directorySegmentName="seg_0" id="9F2BCC1C-F713-E7A2-2631-87D5A8386411">
<createdBy>micha</createdBy>
<createdTime>2022-01-10 11:30:43 UTC</createdTime>
<ownerDesignName>Mikroprojekt_firma_transportowa</ownerDesignName>
<engineerTo>
<item key="447946BB-4E08-720F-9116-4BBCCA2DAB89" value="true"/>
</engineerTo>
<sourcePk>0A0D871A-B65C-1892-CB7E-08ABE12004B7</sourcePk>
<identifying>false</identifying>
<optionalSource>true</optionalSource>
<optionalTarget>false</optionalTarget>
<sourceCardinality>1</sourceCardinality>
<sourceEntity>DF64FE55-4D9A-5D4D-3F9F-AF4419130F01</sourceEntity>
<targetCardinalityString>*</targetCardinalityString>
<targetEntity>5F4835B8-2968-3C6F-8371-25890C408E6E</targetEntity>
<transferable>true</transferable>
<deleteRule>NO ACTION</deleteRule>
</Relation>