<?xml version = '1.0' encoding = 'UTF-8'?>
<Relation class="oracle.dbtools.crest.model.design.logical.Relation" name="Relation_9" directorySegmentName="seg_0" id="BAC2A1C0-4778-D00B-E30A-4B9C8208362B">
<createdBy>micha</createdBy>
<createdTime>2022-01-10 11:31:54 UTC</createdTime>
<ownerDesignName>Mikroprojekt_firma_transportowa</ownerDesignName>
<engineerTo>
<item key="447946BB-4E08-720F-9116-4BBCCA2DAB89" value="true"/>
</engineerTo>
<sourcePk>3370B319-8E15-03FF-B5E1-3B35BB8AB92B</sourcePk>
<identifying>false</identifying>
<optionalSource>true</optionalSource>
<optionalTarget>false</optionalTarget>
<sourceCardinality>1</sourceCardinality>
<sourceEntity>3D41A267-923A-4759-86DB-06C3CA4623D3</sourceEntity>
<targetCardinalityString>1</targetCardinalityString>
<targetEntity>D3C67270-EF64-9AC7-76DC-00F974A0EBD6</targetEntity>
<transferable>true</transferable>
<deleteRule>NO ACTION</deleteRule>
</Relation>