<?xml version = '1.0' encoding = 'UTF-8'?>
<Relation class="oracle.dbtools.crest.model.design.logical.Relation" name="Relation_18" directorySegmentName="seg_0" id="EF9E1E01-BF46-97B5-0458-037D95A4E9F3">
<createdBy>micha</createdBy>
<createdTime>2022-01-10 11:40:06 UTC</createdTime>
<ownerDesignName>Mikroprojekt_firma_transportowa</ownerDesignName>
<engineerTo>
<item key="447946BB-4E08-720F-9116-4BBCCA2DAB89" value="true"/>
</engineerTo>
<sourcePk>26BFB902-D8F6-6B43-BD10-2B8322087621</sourcePk>
<identifying>false</identifying>
<optionalSource>true</optionalSource>
<optionalTarget>false</optionalTarget>
<sourceCardinality>1</sourceCardinality>
<sourceEntity>E5283BD2-8C00-8BCB-D8B1-F9607756B430</sourceEntity>
<targetCardinalityString>*</targetCardinalityString>
<targetEntity>5F4835B8-2968-3C6F-8371-25890C408E6E</targetEntity>
<transferable>true</transferable>
<deleteRule>NO ACTION</deleteRule>
</Relation>