<?xml version = '1.0' encoding = 'UTF-8'?>
<Relation class="oracle.dbtools.crest.model.design.logical.Relation" name="Relation_39" directorySegmentName="seg_0" id="F214AC82-F3C2-EC44-438D-3B259F557FFE">
<createdBy>micha</createdBy>
<createdTime>2022-01-10 11:56:33 UTC</createdTime>
<ownerDesignName>Mikroprojekt_firma_transportowa</ownerDesignName>
<engineerTo>
<item key="447946BB-4E08-720F-9116-4BBCCA2DAB89" value="true"/>
</engineerTo>
<sourcePk>A6FF6CA2-8B95-F05C-7DBF-ABC9CFADE47A</sourcePk>
<identifying>false</identifying>
<optionalSource>true</optionalSource>
<optionalTarget>false</optionalTarget>
<sourceCardinality>1</sourceCardinality>
<sourceEntity>575EDFD0-3975-A8D3-4E70-363646BF23AE</sourceEntity>
<targetCardinalityString>1</targetCardinalityString>
<targetEntity>51F6B4A9-4DDE-8B8F-3316-0A8D580F223A</targetEntity>
<transferable>true</transferable>
<deleteRule>NO ACTION</deleteRule>
</Relation>