<?xml version = '1.0' encoding = 'UTF-8'?>
<Table class="oracle.dbtools.crest.model.design.relational.Table" directorySegmentName="seg_0" id="500A789E-1A81-886A-4F0C-3B767A264D3C" name="Adresy">
<createdBy>micha</createdBy>
<createdTime>2022-01-10 11:57:04 UTC</createdTime>
<generatorID>DF64FE55-4D9A-5D4D-3F9F-AF4419130F01</generatorID>
<ownerDesignName>Mikroprojekt_firma_transportowa</ownerDesignName>
<allowColumnReorder>false</allowColumnReorder>
<existDependencyGenerateInDDl>true</existDependencyGenerateInDDl>
<parsed>true</parsed>
<columns itemClass="oracle.dbtools.crest.model.design.relational.Column">
<Column name="adres_ID" id="35224DBA-6480-3BBE-15F5-FA3780274F49">
<createdBy>micha</createdBy>
<createdTime>2022-01-10 11:57:04 UTC</createdTime>
<generatorID>B76220DB-C0C7-C148-0A77-244039FBD7D5</generatorID>
<ownerDesignName>Mikroprojekt_firma_transportowa</ownerDesignName>
<use>0</use>
<logicalDatatype>LOGDT019</logicalDatatype>
<domain>68DCE070-6475-1C62-2CF9-02DD53CEDBC7</domain>
<ownDataTypeParameters>,,</ownDataTypeParameters>
<autoIncrementCycle>false</autoIncrementCycle>
</Column>
<Column name="Miasto" id="4208F0DF-B399-264C-FF53-E632FFF80079">
<createdBy>micha</createdBy>
<createdTime>2022-01-10 11:57:04 UTC</createdTime>
<generatorID>D7005932-8D8F-6212-4927-C857AB68414B</generatorID>
<ownerDesignName>Mikroprojekt_firma_transportowa</ownerDesignName>
<useDomainConstraints>false</useDomainConstraints>
<use>1</use>
<logicalDatatype>LOGDT024</logicalDatatype>
<dataTypeSize>30</dataTypeSize>
<ownDataTypeParameters>30,,</ownDataTypeParameters>
<autoIncrementCycle>false</autoIncrementCycle>
</Column>
<Column name="Kod_pocztowy" id="EB820B70-E96C-30B5-3133-8D7F03108137">
<createdBy>micha</createdBy>
<createdTime>2022-01-10 11:57:04 UTC</createdTime>
<generatorID>0D4A123C-1F63-B075-A612-D4459F4AB437</generatorID>
<ownerDesignName>Mikroprojekt_firma_transportowa</ownerDesignName>
<useDomainConstraints>false</useDomainConstraints>
<use>1</use>
<logicalDatatype>LOGDT024</logicalDatatype>
<dataTypeSize>6</dataTypeSize>
<ownDataTypeParameters>6,,</ownDataTypeParameters>
<autoIncrementCycle>false</autoIncrementCycle>
</Column>
<Column name="Wojewodztwo" id="3B2E05B5-4B40-AE74-42D1-4063AABFC6BF">
<createdBy>micha</createdBy>
<createdTime>2022-01-10 11:57:04 UTC</createdTime>
<generatorID>5B577DE0-064A-C35A-EB66-960429237DCB</generatorID>
<ownerDesignName>Mikroprojekt_firma_transportowa</ownerDesignName>
<nullsAllowed>true</nullsAllowed>
<useDomainConstraints>false</useDomainConstraints>
<use>1</use>
<logicalDatatype>LOGDT024</logicalDatatype>
<dataTypeSize>30</dataTypeSize>
<ownDataTypeParameters>30,,</ownDataTypeParameters>
<autoIncrementCycle>false</autoIncrementCycle>
</Column>
<Column name="Ulica" id="94445195-84D6-2697-EF63-A3FF4C40BFF0">
<createdBy>micha</createdBy>
<createdTime>2022-01-10 11:57:04 UTC</createdTime>
<generatorID>FB3BCB5B-AA1C-1429-3EA9-4D0D29A22AF4</generatorID>
<ownerDesignName>Mikroprojekt_firma_transportowa</ownerDesignName>
<useDomainConstraints>false</useDomainConstraints>
<use>1</use>
<logicalDatatype>LOGDT024</logicalDatatype>
<dataTypeSize>50</dataTypeSize>
<ownDataTypeParameters>50,,</ownDataTypeParameters>
<autoIncrementCycle>false</autoIncrementCycle>
</Column>
<Column name="nr_domu" id="680D7921-FFE9-FAB6-0129-CD5C9006D76D">
<createdBy>micha</createdBy>
<createdTime>2022-01-10 11:57:04 UTC</createdTime>
<generatorID>D458BF19-9193-8B5C-D41B-D204391F4A31</generatorID>
<ownerDesignName>Mikroprojekt_firma_transportowa</ownerDesignName>
<useDomainConstraints>false</useDomainConstraints>
<use>1</use>
<logicalDatatype>LOGDT019</logicalDatatype>
<dataTypePrecision>5</dataTypePrecision>
<ownDataTypeParameters>,5,</ownDataTypeParameters>
<autoIncrementCycle>false</autoIncrementCycle>
</Column>
</columns>
<indexes itemClass="oracle.dbtools.crest.model.design.relational.Index">
<ind_PK_UK id="C436BEF4-E43B-8109-6D63-3F42277186DE" name="Adresy_PK">
<createdBy>micha</createdBy>
<createdTime>2022-01-10 11:57:04 UTC</createdTime>
<generatorID>0A0D871A-B65C-1892-CB7E-08ABE12004B7</generatorID>
<ownerDesignName>Mikroprojekt_firma_transportowa</ownerDesignName>
<pk>true</pk>
<indexState>Primary Constraint</indexState>
<isSurrogateKey>false</isSurrogateKey>
<indexColumnUsage>
<colUsage columnID="35224DBA-6480-3BBE-15F5-FA3780274F49"/>
</indexColumnUsage>
</ind_PK_UK>
</indexes>
</Table>