<?xml version = '1.0' encoding = 'UTF-8'?>
<Table class="oracle.dbtools.crest.model.design.relational.Table" directorySegmentName="seg_0" id="8E561B46-0FA3-D04F-C671-757D45F2501E" name="Dane_osobowe">
<createdBy>micha</createdBy>
<createdTime>2022-01-10 11:57:04 UTC</createdTime>
<generatorID>3D41A267-923A-4759-86DB-06C3CA4623D3</generatorID>
<ownerDesignName>Mikroprojekt_firma_transportowa</ownerDesignName>
<allowColumnReorder>false</allowColumnReorder>
<existDependencyGenerateInDDl>true</existDependencyGenerateInDDl>
<parsed>true</parsed>
<columns itemClass="oracle.dbtools.crest.model.design.relational.Column">
<Column name="dane_ID" id="6A79D928-06C3-5B08-C7ED-96411C7C0A7B">
<createdBy>micha</createdBy>
<createdTime>2022-01-10 11:57:04 UTC</createdTime>
<generatorID>5A3A7F58-3E2E-E4B8-F2F3-C77183FC03B3</generatorID>
<ownerDesignName>Mikroprojekt_firma_transportowa</ownerDesignName>
<use>0</use>
<logicalDatatype>LOGDT019</logicalDatatype>
<domain>68DCE070-6475-1C62-2CF9-02DD53CEDBC7</domain>
<ownDataTypeParameters>,,</ownDataTypeParameters>
<autoIncrementCycle>false</autoIncrementCycle>
</Column>
<Column name="Imie" id="610BA8BB-E786-9E3E-196C-581680667522">
<createdBy>micha</createdBy>
<createdTime>2022-01-10 11:57:04 UTC</createdTime>
<generatorID>7F04E862-AFC5-DDA1-DB32-7314C020F3AA</generatorID>
<ownerDesignName>Mikroprojekt_firma_transportowa</ownerDesignName>
<useDomainConstraints>false</useDomainConstraints>
<use>1</use>
<logicalDatatype>LOGDT024</logicalDatatype>
<dataTypeSize>20</dataTypeSize>
<ownDataTypeParameters>20,,</ownDataTypeParameters>
<autoIncrementCycle>false</autoIncrementCycle>
</Column>
<Column name="Nazwisko" id="3E3AD36B-FADD-5A9B-57AC-1A1EA802A763">
<createdBy>micha</createdBy>
<createdTime>2022-01-10 11:57:04 UTC</createdTime>
<generatorID>95FE0914-CF38-0D49-018A-8BF38ACBB1DA</generatorID>
<ownerDesignName>Mikroprojekt_firma_transportowa</ownerDesignName>
<useDomainConstraints>false</useDomainConstraints>
<use>1</use>
<logicalDatatype>LOGDT024</logicalDatatype>
<dataTypeSize>30</dataTypeSize>
<ownDataTypeParameters>30,,</ownDataTypeParameters>
<autoIncrementCycle>false</autoIncrementCycle>
</Column>
<Column name="telefon" id="6E803CFA-C38B-E7B4-9FA6-3E72F5AF280D">
<createdBy>micha</createdBy>
<createdTime>2022-01-10 11:57:04 UTC</createdTime>
<generatorID>1ED90CF5-B1E9-4C28-E834-627935A01AE5</generatorID>
<ownerDesignName>Mikroprojekt_firma_transportowa</ownerDesignName>
<useDomainConstraints>false</useDomainConstraints>
<use>1</use>
<logicalDatatype>LOGDT019</logicalDatatype>
<dataTypePrecision>15</dataTypePrecision>
<ownDataTypeParameters>,15,</ownDataTypeParameters>
<autoIncrementCycle>false</autoIncrementCycle>
</Column>
<Column name="email" id="B94ACB31-C4A1-6749-5CF0-0638283D672F">
<createdBy>micha</createdBy>
<createdTime>2022-01-10 11:57:04 UTC</createdTime>
<generatorID>28933EEF-1EFD-39C8-0A30-8D17764A5BE2</generatorID>
<ownerDesignName>Mikroprojekt_firma_transportowa</ownerDesignName>
<nullsAllowed>true</nullsAllowed>
<useDomainConstraints>false</useDomainConstraints>
<use>1</use>
<logicalDatatype>LOGDT024</logicalDatatype>
<dataTypeSize>40</dataTypeSize>
<ownDataTypeParameters>40,,</ownDataTypeParameters>
<autoIncrementCycle>false</autoIncrementCycle>
</Column>
</columns>
<indexes itemClass="oracle.dbtools.crest.model.design.relational.Index">
<ind_PK_UK id="4794CF8D-9EE1-710B-3598-B585222B2842" name="Dane_osobowe_PK">
<createdBy>micha</createdBy>
<createdTime>2022-01-10 11:57:04 UTC</createdTime>
<generatorID>3370B319-8E15-03FF-B5E1-3B35BB8AB92B</generatorID>
<ownerDesignName>Mikroprojekt_firma_transportowa</ownerDesignName>
<pk>true</pk>
<indexState>Primary Constraint</indexState>
<isSurrogateKey>false</isSurrogateKey>
<indexColumnUsage>
<colUsage columnID="6A79D928-06C3-5B08-C7ED-96411C7C0A7B"/>
</indexColumnUsage>
</ind_PK_UK>
</indexes>
</Table>