<?xml version = '1.0' encoding = 'UTF-8'?>
<Table class="oracle.dbtools.crest.model.design.relational.Table" directorySegmentName="seg_0" id="EDF37AC3-136E-B36B-79A5-0EC891B1EC38" name="Wyksztalcenie">
<createdBy>micha</createdBy>
<createdTime>2022-01-10 11:57:04 UTC</createdTime>
<generatorID>B2EF8C83-C0FA-5EA5-1ECC-FEAC288AB1D9</generatorID>
<ownerDesignName>Mikroprojekt_firma_transportowa</ownerDesignName>
<allowColumnReorder>false</allowColumnReorder>
<existDependencyGenerateInDDl>true</existDependencyGenerateInDDl>
<parsed>true</parsed>
<columns itemClass="oracle.dbtools.crest.model.design.relational.Column">
<Column name="wyksztalcenie_ID" id="AE975049-3784-0312-88CF-50E89ED49892">
<createdBy>micha</createdBy>
<createdTime>2022-01-10 11:57:04 UTC</createdTime>
<generatorID>BB645DF5-AFA2-158D-F59C-3998CD1BEAF9</generatorID>
<ownerDesignName>Mikroprojekt_firma_transportowa</ownerDesignName>
<use>0</use>
<logicalDatatype>LOGDT019</logicalDatatype>
<domain>68DCE070-6475-1C62-2CF9-02DD53CEDBC7</domain>
<ownDataTypeParameters>,,</ownDataTypeParameters>
<autoIncrementCycle>false</autoIncrementCycle>
</Column>
<Column name="stopien" id="73F9089F-A02C-8448-A14F-4B794B0FABB4">
<createdBy>micha</createdBy>
<createdTime>2022-01-10 11:57:04 UTC</createdTime>
<generatorID>90BEFBC3-1959-A89B-310C-3876B4007FB9</generatorID>
<ownerDesignName>Mikroprojekt_firma_transportowa</ownerDesignName>
<useDomainConstraints>false</useDomainConstraints>
<use>1</use>
<logicalDatatype>LOGDT024</logicalDatatype>
<dataTypeSize>30</dataTypeSize>
<ownDataTypeParameters>30,,</ownDataTypeParameters>
<autoIncrementCycle>false</autoIncrementCycle>
</Column>
<Column name="nazwa_uczelni" id="852DAAB9-C6FB-AF80-32D0-87E9ACCA2684">
<createdBy>micha</createdBy>
<createdTime>2022-01-10 11:57:04 UTC</createdTime>
<generatorID>E5F5C6B1-4A86-B833-3A9E-CDBB61BAF084</generatorID>
<ownerDesignName>Mikroprojekt_firma_transportowa</ownerDesignName>
<useDomainConstraints>false</useDomainConstraints>
<use>1</use>
<logicalDatatype>LOGDT024</logicalDatatype>
<dataTypeSize>50</dataTypeSize>
<ownDataTypeParameters>50,,</ownDataTypeParameters>
<autoIncrementCycle>false</autoIncrementCycle>
</Column>
<Column name="kierunek" id="23BB081F-17D3-34B7-BFA6-46A427266477">
<createdBy>micha</createdBy>
<createdTime>2022-01-10 11:57:04 UTC</createdTime>
<generatorID>3CF0DC2F-E207-82CD-F7C4-C2056FD5FBFA</generatorID>
<ownerDesignName>Mikroprojekt_firma_transportowa</ownerDesignName>
<useDomainConstraints>false</useDomainConstraints>
<use>1</use>
<logicalDatatype>LOGDT024</logicalDatatype>
<dataTypeSize>40</dataTypeSize>
<ownDataTypeParameters>40,,</ownDataTypeParameters>
<autoIncrementCycle>false</autoIncrementCycle>
</Column>
<Column name="adres_ID_uczelni" id="873F476A-DCC3-3046-30AF-A537BC4E69FC">
<createdBy>micha</createdBy>
<createdTime>2022-01-10 11:57:04 UTC</createdTime>
<generatorID>DF7E481A-1676-1B2E-5659-4E7BBC965418</generatorID>
<ownerDesignName>Mikroprojekt_firma_transportowa</ownerDesignName>
<use>0</use>
<logicalDatatype>LOGDT019</logicalDatatype>
<domain>68DCE070-6475-1C62-2CF9-02DD53CEDBC7</domain>
<ownDataTypeParameters>,,</ownDataTypeParameters>
<previousColumn>false</previousColumn>
<autoIncrementCycle>false</autoIncrementCycle>
<associations>
<colAssociation fkAssociation="65374E09-3E1B-FE71-CEC6-62345D56A81F" referredColumn="35224DBA-6480-3BBE-15F5-FA3780274F49"/>
</associations>
</Column>
</columns>
<indexes itemClass="oracle.dbtools.crest.model.design.relational.Index">
<ind_PK_UK id="2FC649CE-1230-6796-4E2F-B733E5B3AF91" name="Wyksztalcenie_PK">
<createdBy>micha</createdBy>
<createdTime>2022-01-10 11:57:04 UTC</createdTime>
<generatorID>3FCBAB30-BFA9-9EA5-3108-39EF9E604F0E</generatorID>
<ownerDesignName>Mikroprojekt_firma_transportowa</ownerDesignName>
<pk>true</pk>
<indexState>Primary Constraint</indexState>
<isSurrogateKey>false</isSurrogateKey>
<indexColumnUsage>
<colUsage columnID="AE975049-3784-0312-88CF-50E89ED49892"/>
</indexColumnUsage>
</ind_PK_UK>
<ind_PK_UK id="769D7464-90C3-98BB-70B1-CE7BE7DAD55E" name="Wyksztalcenie__IDX">
<createdBy>micha</createdBy>
<createdTime>2022-01-10 11:57:04 UTC</createdTime>
<ownerDesignName>Mikroprojekt_firma_transportowa</ownerDesignName>
<indexState>Unique Plain Index</indexState>
<isSurrogateKey>false</isSurrogateKey>
<relationGeneratorID>59552A05-FAD4-97B5-5D34-ADFA59666674</relationGeneratorID>
<indexColumnUsage>
<colUsage columnID="873F476A-DCC3-3046-30AF-A537BC4E69FC"/>
</indexColumnUsage>
</ind_PK_UK>
<ind_PK_UK id="66B29A4B-7B80-2EF5-384E-6E2D4F088D68" name="Wyksztalcenie_Adresy_FK">
<createdBy>micha</createdBy>
<createdTime>2022-01-10 11:57:04 UTC</createdTime>
<generatorID>59552A05-FAD4-97B5-5D34-ADFA59666674</generatorID>
<ownerDesignName>Mikroprojekt_firma_transportowa</ownerDesignName>
<indexState>Foreign Key</indexState>
<isSurrogateKey>false</isSurrogateKey>
<indexColumnUsage>
<colUsage columnID="873F476A-DCC3-3046-30AF-A537BC4E69FC"/>
</indexColumnUsage>
</ind_PK_UK>
</indexes>
</Table>