<?xml version = '1.0' encoding = 'UTF-8'?>
<Diagram class="oracle.dbtools.crest.swingui.logical.DPVLogical" name="Logical" id="50CB05F1-BB09-A9E6-E85E-98FFC16B2815">
<createdBy>micha</createdBy>
<modifiedBy>micha</modifiedBy>
<createdTime>2022-01-10 10:31:21 UTC</createdTime>
<autoRoute>false</autoRoute>
<boxInbox>true</boxInbox>
<showLegend>false</showLegend>
<showLabels>false</showLabels>
<showRelAttributes>false</showRelAttributes>
<gridEnabled>false</gridEnabled>
<showGrid>false</showGrid>
<diagramColor>-1</diagramColor>
<display>false</display>
<notation>1</notation>
<objectViews>
<OView class="oracle.dbtools.crest.swingui.logical.TVEntity" oid="0C435419-8FC8-03C7-A0CE-6D49D8910ACE" otype="Entity" vid="1A54D41E-2344-73FD-D6DB-DAB2A948EB58">
<hideElementsInCurrentOnly>false</hideElementsInCurrentOnly>
<bounds x="354" y="496" width="306" height="137"/>
</OView>
<OView class="oracle.dbtools.crest.swingui.logical.TVEntity" oid="3D41A267-923A-4759-86DB-06C3CA4623D3" otype="Entity" vid="B8AAE241-899C-454A-8056-CFA0E8FF8E80">
<hideElementsInCurrentOnly>false</hideElementsInCurrentOnly>
<bounds x="53" y="0" width="162" height="119"/>
</OView>
<OView class="oracle.dbtools.crest.swingui.logical.TVEntity" oid="3EE7F1E2-B51B-B56B-7AE6-404E8D1C7A11" otype="Entity" vid="233B850E-67DA-F8B0-2178-A3108466AEA6">
<hideElementsInCurrentOnly>false</hideElementsInCurrentOnly>
<bounds x="483" y="271" width="159" height="99"/>
</OView>
<OView class="oracle.dbtools.crest.swingui.logical.TVEntity" oid="51F6B4A9-4DDE-8B8F-3316-0A8D580F223A" otype="Entity" vid="0B7BD5DE-3669-B389-D087-91694C2D86F0">
<hideElementsInCurrentOnly>false</hideElementsInCurrentOnly>
<bounds x="759" y="164" width="268" height="203"/>
</OView>
<OView class="oracle.dbtools.crest.swingui.logical.TVEntity" oid="575EDFD0-3975-A8D3-4E70-363646BF23AE" otype="Entity" vid="401E1EAE-F988-014F-767B-6E00829D8F88">
<hideElementsInCurrentOnly>false</hideElementsInCurrentOnly>
<bounds x="1090" y="212" width="313" height="138"/>
</OView>
<OView class="oracle.dbtools.crest.swingui.logical.TVEntity" oid="5F4835B8-2968-3C6F-8371-25890C408E6E" otype="Entity" vid="D382DC2D-2FDF-0AA3-CC65-F05535679024">
<hideElementsInCurrentOnly>false</hideElementsInCurrentOnly>
<bounds x="300" y="14" width="139" height="96"/>
</OView>
<OView class="oracle.dbtools.crest.swingui.logical.TVEntity" oid="B2EF8C83-C0FA-5EA5-1ECC-FEAC288AB1D9" otype="Entity" vid="8EA56C87-7B9F-0898-C982-3E1F659E809F">
<hideElementsInCurrentOnly>false</hideElementsInCurrentOnly>
<bounds x="47" y="303" width="147" height="116"/>
</OView>
<OView class="oracle.dbtools.crest.swingui.logical.TVEntity" oid="D3C67270-EF64-9AC7-76DC-00F974A0EBD6" otype="Entity" vid="D5C503B7-5EE5-0BA6-C091-CC561FAFDC9C">
<hideElementsInCurrentOnly>false</hideElementsInCurrentOnly>
<bounds x="253" y="269" width="178" height="98"/>
</OView>
<OView class="oracle.dbtools.crest.swingui.logical.TVEntity" oid="DF64FE55-4D9A-5D4D-3F9F-AF4419130F01" otype="Entity" vid="2111D33F-9432-1D1B-4EC2-86A84C00B778">
<hideElementsInCurrentOnly>false</hideElementsInCurrentOnly>
<bounds x="46" y="135" width="164" height="127"/>
</OView>
<OView class="oracle.dbtools.crest.swingui.logical.TVEntity" oid="E5283BD2-8C00-8BCB-D8B1-F9607756B430" otype="Entity" vid="51B40679-0ADA-3493-A35A-80BA9BB2D542">
<hideElementsInCurrentOnly>false</hideElementsInCurrentOnly>
<bounds x="747" y="0" width="313" height="138"/>
</OView>
<OView class="oracle.dbtools.crest.swingui.logical.TVEntity" oid="E6C7F4CA-2C9E-768F-4DA4-17A5576EC8C3" otype="Entity" vid="94B77829-E851-6C52-470D-FE08CA7E73EF">
<hideElementsInCurrentOnly>false</hideElementsInCurrentOnly>
<bounds x="27" y="679" width="199" height="98"/>
</OView>
<OView class="oracle.dbtools.crest.swingui.logical.TVEntity" oid="F379A594-D85E-F7D2-BC4D-130628386742" otype="Entity" vid="C54FDCE3-4ACE-852F-36CA-DF860C486C2C">
<hideElementsInCurrentOnly>false</hideElementsInCurrentOnly>
<bounds x="32" y="495" width="199" height="138"/>
</OView>
</objectViews>
<connectors>
<Connector class="oracle.dbtools.crest.swingui.logical.TVRelation" oid="07449EF7-DC5E-0DBD-B3DA-DD15C071881D" otype="Relation" vid_source="2111D33F-9432-1D1B-4EC2-86A84C00B778" vid_target="D5C503B7-5EE5-0BA6-C091-CC561FAFDC9C">
<hideElementsInCurrentOnly>false</hideElementsInCurrentOnly>
<backgroundColor>-16777216</backgroundColor>
<lineWidth>1</lineWidth>
<points>
<point x="210" y="244"/>
<point x="254" y="269"/>
</points>
</Connector>
<Connector class="oracle.dbtools.crest.swingui.logical.TVRelation" oid="09E1024D-9CAC-5675-06CD-EEF160B626C4" otype="Relation" vid_source="2111D33F-9432-1D1B-4EC2-86A84C00B778" vid_target="0B7BD5DE-3669-B389-D087-91694C2D86F0">
<hideElementsInCurrentOnly>false</hideElementsInCurrentOnly>
<backgroundColor>-16777216</backgroundColor>
<lineWidth>1</lineWidth>
<points>
<point x="210" y="213"/>
<point x="759" y="213"/>
</points>
</Connector>
<Connector class="oracle.dbtools.crest.swingui.logical.TVRelation" oid="1A76ED59-18AE-B3D1-C29F-7FED36F51B33" otype="Relation" vid_source="B8AAE241-899C-454A-8056-CFA0E8FF8E80" vid_target="D382DC2D-2FDF-0AA3-CC65-F05535679024">
<hideElementsInCurrentOnly>false</hideElementsInCurrentOnly>
<backgroundColor>-16777216</backgroundColor>
<lineWidth>1</lineWidth>
<points>
<point x="215" y="47"/>
<point x="300" y="47"/>
</points>
</Connector>
<Connector class="oracle.dbtools.crest.swingui.logical.TVRelation" oid="1F120EB6-1105-A9D9-04FA-809B4B0E8133" otype="Relation" vid_source="8EA56C87-7B9F-0898-C982-3E1F659E809F" vid_target="D5C503B7-5EE5-0BA6-C091-CC561FAFDC9C">
<hideElementsInCurrentOnly>false</hideElementsInCurrentOnly>
<backgroundColor>-16777216</backgroundColor>
<lineWidth>1</lineWidth>
<points>
<point x="194" y="335"/>
<point x="253" y="335"/>
</points>
</Connector>
<Connector class="oracle.dbtools.crest.swingui.logical.TVRelation" oid="2CF3DCF8-E8B9-49C0-8E61-28AC430AF42F" otype="Relation" vid_source="C54FDCE3-4ACE-852F-36CA-DF860C486C2C" vid_target="1A54D41E-2344-73FD-D6DB-DAB2A948EB58">
<hideElementsInCurrentOnly>false</hideElementsInCurrentOnly>
<backgroundColor>-16777216</backgroundColor>
<lineWidth>1</lineWidth>
<points>
<point x="231" y="564"/>
<point x="354" y="564"/>
</points>
</Connector>
<Connector class="oracle.dbtools.crest.swingui.logical.TVRelation" oid="59552A05-FAD4-97B5-5D34-ADFA59666674" otype="Relation" vid_source="2111D33F-9432-1D1B-4EC2-86A84C00B778" vid_target="8EA56C87-7B9F-0898-C982-3E1F659E809F">
<hideElementsInCurrentOnly>false</hideElementsInCurrentOnly>
<backgroundColor>-16777216</backgroundColor>
<lineWidth>1</lineWidth>
<points>
<point x="120" y="262"/>
<point x="120" y="303"/>
</points>
</Connector>
<Connector class="oracle.dbtools.crest.swingui.logical.TVRelation" oid="69A1EB12-46A2-C147-2EBB-D53DA244045A" otype="Relation" vid_source="D382DC2D-2FDF-0AA3-CC65-F05535679024" vid_target="0B7BD5DE-3669-B389-D087-91694C2D86F0">
<hideElementsInCurrentOnly>false</hideElementsInCurrentOnly>
<backgroundColor>-16777216</backgroundColor>
<lineWidth>1</lineWidth>
<points>
<point x="439" y="89"/>
<point x="759" y="228"/>
</points>
</Connector>
<Connector class="oracle.dbtools.crest.swingui.logical.TVRelation" oid="77D5563B-5146-B531-2CC3-6F4D5C55824F" otype="Relation" vid_source="233B850E-67DA-F8B0-2178-A3108466AEA6" vid_target="0B7BD5DE-3669-B389-D087-91694C2D86F0">
<hideElementsInCurrentOnly>false</hideElementsInCurrentOnly>
<backgroundColor>-16777216</backgroundColor>
<lineWidth>1</lineWidth>
<points>
<point x="642" y="319"/>
<point x="759" y="319"/>
</points>
</Connector>
<Connector class="oracle.dbtools.crest.swingui.logical.TVRelation" oid="8F602C90-38F1-453F-61C9-7C37F3D84A42" otype="Relation" vid_source="94B77829-E851-6C52-470D-FE08CA7E73EF" vid_target="C54FDCE3-4ACE-852F-36CA-DF860C486C2C">
<hideElementsInCurrentOnly>false</hideElementsInCurrentOnly>
<backgroundColor>-16777216</backgroundColor>
<lineWidth>1</lineWidth>
<points>
<point x="174" y="679"/>
<point x="174" y="633"/>
</points>
</Connector>
<Connector class="oracle.dbtools.crest.swingui.logical.TVRelation" oid="96256F31-759C-C42B-B990-AB1B3B9E2819" otype="Relation" vid_source="1A54D41E-2344-73FD-D6DB-DAB2A948EB58" vid_target="233B850E-67DA-F8B0-2178-A3108466AEA6">
<hideElementsInCurrentOnly>false</hideElementsInCurrentOnly>
<backgroundColor>-16777216</backgroundColor>
<lineWidth>1</lineWidth>
<points>
<point x="562" y="496"/>
<point x="562" y="370"/>
</points>
</Connector>
<Connector class="oracle.dbtools.crest.swingui.logical.TVRelation" oid="9D2E6E1F-0068-0DFB-7145-CEB45D8D2917" otype="Relation" vid_source="D5C503B7-5EE5-0BA6-C091-CC561FAFDC9C" vid_target="233B850E-67DA-F8B0-2178-A3108466AEA6">
<hideElementsInCurrentOnly>false</hideElementsInCurrentOnly>
<backgroundColor>-16777216</backgroundColor>
<lineWidth>1</lineWidth>
<points>
<point x="431" y="319"/>
<point x="483" y="319"/>
</points>
</Connector>
<Connector class="oracle.dbtools.crest.swingui.logical.TVRelation" oid="9F2BCC1C-F713-E7A2-2631-87D5A8386411" otype="Relation" vid_source="2111D33F-9432-1D1B-4EC2-86A84C00B778" vid_target="D382DC2D-2FDF-0AA3-CC65-F05535679024">
<hideElementsInCurrentOnly>false</hideElementsInCurrentOnly>
<backgroundColor>-16777216</backgroundColor>
<lineWidth>1</lineWidth>
<points>
<point x="210" y="152"/>
<point x="300" y="101"/>
</points>
</Connector>
<Connector class="oracle.dbtools.crest.swingui.logical.TVRelation" oid="B4D87FB5-A301-F5DE-4D72-4C51CEAFB022" otype="Relation" vid_source="2111D33F-9432-1D1B-4EC2-86A84C00B778" vid_target="0B7BD5DE-3669-B389-D087-91694C2D86F0">
<hideElementsInCurrentOnly>false</hideElementsInCurrentOnly>
<backgroundColor>-16777216</backgroundColor>
<lineWidth>1</lineWidth>
<points>
<point x="210" y="243"/>
<point x="759" y="243"/>
</points>
</Connector>
<Connector class="oracle.dbtools.crest.swingui.logical.TVRelation" oid="BAC2A1C0-4778-D00B-E30A-4B9C8208362B" otype="Relation" vid_source="B8AAE241-899C-454A-8056-CFA0E8FF8E80" vid_target="D5C503B7-5EE5-0BA6-C091-CC561FAFDC9C">
<hideElementsInCurrentOnly>false</hideElementsInCurrentOnly>
<backgroundColor>-16777216</backgroundColor>
<lineWidth>1</lineWidth>
<points>
<point x="181" y="119"/>
<point x="317" y="269"/>
</points>
</Connector>
<Connector class="oracle.dbtools.crest.swingui.logical.TVRelation" oid="EF9E1E01-BF46-97B5-0458-037D95A4E9F3" otype="Relation" vid_source="51B40679-0ADA-3493-A35A-80BA9BB2D542" vid_target="D382DC2D-2FDF-0AA3-CC65-F05535679024">
<hideElementsInCurrentOnly>false</hideElementsInCurrentOnly>
<backgroundColor>-16777216</backgroundColor>
<lineWidth>1</lineWidth>
<points>
<point x="747" y="47"/>
<point x="439" y="47"/>
</points>
</Connector>
<Connector class="oracle.dbtools.crest.swingui.logical.TVRelation" oid="F214AC82-F3C2-EC44-438D-3B259F557FFE" otype="Relation" vid_source="401E1EAE-F988-014F-767B-6E00829D8F88" vid_target="0B7BD5DE-3669-B389-D087-91694C2D86F0">
<hideElementsInCurrentOnly>false</hideElementsInCurrentOnly>
<backgroundColor>-16777216</backgroundColor>
<lineWidth>1</lineWidth>
<points>
<point x="1090" y="296"/>
<point x="1027" y="296"/>
</points>
</Connector>
</connectors>
</Diagram>